epoch,score_best,score_avg,score_std,seq_length,latency,repeat_id
100,0.74780273,0.7324276,0.0060810796,8,0,0
200,0.79833984,0.78586006,0.0054725786,8,0,0
300,0.85913086,0.84496117,0.005749499,8,0,0
400,0.892334,0.87905693,0.0049757804,8,0,0
500,0.9116211,0.9017067,0.0040593236,8,0,0
600,0.9313965,0.9218483,0.0042453706,8,0,0
700,0.94091797,0.93271637,0.004021545,8,0,0
800,0.9523926,0.9432888,0.0033865094,8,0,0
900,0.95825195,0.94834137,0.002917812,8,0,0
1000,0.95703125,0.950037,0.0028604574,8,0,0
1100,0.96240234,0.953907,0.0028514524,8,0,0
1200,0.9628906,0.9537983,0.002962838,8,0,0
1300,0.9597168,0.9532318,0.0028007673,8,0,0
1400,0.9641113,0.95365334,0.003228491,8,0,0
1500,0.9614258,0.9538498,0.0027372306,8,0,0
1600,0.96118164,0.9534569,0.0029989223,8,0,0
1700,0.9626465,0.95329285,0.0029717837,8,0,0
1800,0.96069336,0.953846,0.0027580631,8,0,0
1900,0.9626465,0.95318794,0.0028015145,8,0,0
2000,0.95947266,0.95375633,0.002833952,8,0,0
2100,0.96191406,0.95399284,0.0027852715,8,0,0
2200,0.95996094,0.95326424,0.0032198115,8,0,0
2300,0.9616699,0.953455,0.0029315287,8,0,0
2400,0.9604492,0.95420074,0.0029343627,8,0,0
2500,0.9614258,0.9539547,0.00267953,8,0,0
2600,0.9616699,0.9537754,0.0028902057,8,0,0
2700,0.9616699,0.95350266,0.0029758723,8,0,0
2800,0.9616699,0.9537296,0.0027582494,8,0,0
2900,0.9638672,0.95373917,0.003138564,8,0,0
3000,0.9602051,0.95409584,0.002690824,8,0,0
3100,0.9626465,0.9536705,0.0028086924,8,0,0
3200,0.9604492,0.9537544,0.0033200558,8,0,0
3300,0.95996094,0.9533539,0.0025772,8,0,0
3400,0.9597168,0.95355225,0.0026884929,8,0,0
3500,0.9602051,0.9534683,0.002873427,8,0,0
3600,0.9597168,0.9535656,0.0026800025,8,0,0
3700,0.9621582,0.9538307,0.0030201974,8,0,0
3800,0.9616699,0.95401,0.0029986529,8,0,0
3900,0.95996094,0.9528923,0.0029079681,8,0,0
4000,0.9592285,0.9534092,0.0023472316,8,0,0
4100,0.95996094,0.9536934,0.002839629,8,0,0
4200,0.9614258,0.9535408,0.0027927102,8,0,0
4300,0.9628906,0.9536514,0.0029743975,8,0,0
4400,0.96191406,0.95358276,0.0029614633,8,0,0
4500,0.9628906,0.9534111,0.002716769,8,0,0
4600,0.9609375,0.95373726,0.0028355075,8,0,0
4700,0.9621582,0.95329857,0.0028974267,8,0,0
4800,0.9614258,0.9534168,0.0032071138,8,0,0
4900,0.9597168,0.9535961,0.0027988434,8,0,0
5000,0.9604492,0.95352936,0.0028202664,8,0,0
5100,0.96118164,0.953352,0.0029236702,8,0,0
5200,0.9602051,0.9538727,0.0027775606,8,0,0
5300,0.98461914,0.97950363,0.0022543506,8,0,0
5400,0.98999023,0.98451805,0.0018602028,8,0,0
5500,0.9914551,0.98697853,0.0018623918,8,0,0
5600,0.9916992,0.98804283,0.0016545664,8,0,0
5700,0.99487305,0.99165535,0.0013959694,8,0,0
5800,0.9951172,0.9917259,0.0012131397,8,0,0
5900,0.9951172,0.9918308,0.0013154111,8,0,0
6000,0.9951172,0.99173355,0.0015524224,8,0,0
6100,0.9946289,0.99167633,0.0012923888,8,0,0
6200,0.9953613,0.9917488,0.0012894749,8,0,0
6300,0.9941406,0.99162483,0.0013519523,8,0,0
6400,0.9953613,0.99167633,0.0012764367,8,0,0
6500,0.9958496,0.99157715,0.0013968253,8,0,0
6600,0.9980469,0.99526024,0.0010595918,8,0,0
6700,1.0,1.0,0.0,8,0,0
6800,1.0,1.0,0.0,8,0,0
6900,1.0,1.0,0.0,8,0,0
7000,1.0,1.0,0.0,8,0,0
7100,1.0,1.0,0.0,8,0,0
7200,1.0,1.0,0.0,8,0,0
7300,1.0,1.0,0.0,8,0,0
7400,1.0,1.0,0.0,8,0,0
7500,1.0,1.0,0.0,8,0,0
7600,1.0,1.0,0.0,8,0,0
7700,1.0,1.0,0.0,8,0,0
7800,1.0,1.0,0.0,8,0,0
7900,1.0,1.0,0.0,8,0,0
8000,1.0,1.0,0.0,8,0,0
8100,1.0,1.0,0.0,8,0,0
8200,1.0,1.0,0.0,8,0,0
8300,1.0,1.0,0.0,8,0,0
8400,1.0,1.0,0.0,8,0,0
8500,1.0,1.0,0.0,8,0,0
8600,1.0,1.0,0.0,8,0,0
8700,1.0,1.0,0.0,8,0,0
8800,1.0,1.0,0.0,8,0,0
8900,1.0,1.0,0.0,8,0,0
9000,1.0,1.0,0.0,8,0,0
9100,1.0,1.0,0.0,8,0,0
9200,1.0,1.0,0.0,8,0,0
9300,1.0,1.0,0.0,8,0,0
9400,1.0,1.0,0.0,8,0,0
9500,1.0,1.0,0.0,8,0,0
9600,1.0,1.0,0.0,8,0,0
9700,1.0,1.0,0.0,8,0,0
9800,1.0,1.0,0.0,8,0,0
9900,1.0,1.0,0.0,8,0,0
10000,1.0,1.0,0.0,8,0,0
10100,1.0,1.0,0.0,8,0,0
10200,1.0,1.0,0.0,8,0,0
10300,1.0,1.0,0.0,8,0,0
10400,1.0,1.0,0.0,8,0,0
10500,1.0,1.0,0.0,8,0,0
10600,1.0,1.0,0.0,8,0,0
10700,1.0,1.0,0.0,8,0,0
10800,1.0,1.0,0.0,8,0,0
10900,1.0,1.0,0.0,8,0,0
11000,1.0,1.0,0.0,8,0,0
11100,1.0,1.0,0.0,8,0,0
11200,1.0,1.0,0.0,8,0,0
11300,1.0,1.0,0.0,8,0,0
11400,1.0,1.0,0.0,8,0,0
11500,1.0,1.0,0.0,8,0,0
11600,1.0,1.0,0.0,8,0,0
11700,1.0,1.0,0.0,8,0,0
11800,1.0,1.0,0.0,8,0,0
11900,1.0,1.0,0.0,8,0,0
11999,1.0,1.0,0.0,8,0,0
epoch,score_best,score_avg,score_std,seq_length,latency,repeat_id
100,0.52197266,0.5014515,0.007880175,8,8,0
200,0.51953125,0.5006447,0.007383093,8,8,0
300,0.51904297,0.5007305,0.0070166206,8,8,0
400,0.5253906,0.5016079,0.007659458,8,8,0
500,0.5148926,0.5002823,0.0073497603,8,8,0
600,0.5185547,0.4998436,0.008086394,8,8,0
700,0.5283203,0.50064087,0.00797934,8,8,0
800,0.5214844,0.5000229,0.008132601,8,8,0
900,0.5222168,0.499218,0.0082483515,8,8,0
1000,0.5227051,0.49881554,0.0077638957,8,8,0
1100,0.5175781,0.49938202,0.0072688195,8,8,0
1200,0.52075195,0.50063324,0.0081343185,8,8,0
1300,0.52246094,0.5002403,0.0080555985,8,8,0
1400,0.5197754,0.49959564,0.008576332,8,8,0
1500,0.5263672,0.500021,0.0075503127,8,8,0
1600,0.5187988,0.5007496,0.008610674,8,8,0
1700,0.5175781,0.49898338,0.007656737,8,8,0
1800,0.52124023,0.499815,0.0077435756,8,8,0
1900,0.5175781,0.49884987,0.0073783877,8,8,0
2000,0.5266113,0.4999466,0.008396102,8,8,0
2100,0.5974121,0.57663536,0.0069966395,8,8,0
2200,0.7180176,0.7001877,0.0053798375,8,8,0
2300,0.7385254,0.72195244,0.0055103134,8,8,0
2400,0.74609375,0.7354393,0.0052224956,8,8,0
2500,0.76049805,0.74699783,0.0054014693,8,8,0
2600,0.7858887,0.7636242,0.0060073957,8,8,0
2700,0.78881836,0.7761307,0.005551091,8,8,0
2800,0.79418945,0.7822647,0.005251989,8,8,0
2900,0.7961426,0.7829151,0.0056001567,8,8,0
3000,0.8059082,0.7936306,0.0057692877,8,8,0
3100,0.81274414,0.7997608,0.005015054,8,8,0
3200,0.82006836,0.80700874,0.005622361,8,8,0
3300,0.83251953,0.8150463,0.0054573314,8,8,0
3400,0.82788086,0.81621933,0.004930311,8,8,0
3500,0.8442383,0.82933044,0.0051706135,8,8,0
3600,0.84887695,0.8364639,0.0054752855,8,8,0
3700,0.8557129,0.84552574,0.0049582105,8,8,0
3800,0.85961914,0.8461113,0.005029025,8,8,0
3900,0.8613281,0.8503647,0.004714293,8,8,0
4000,0.8640137,0.85230064,0.0048839054,8,8,0
4100,0.87475586,0.85572815,0.0045198738,8,8,0
4200,0.86743164,0.85894966,0.004043463,8,8,0
4300,0.8713379,0.86097336,0.004065814,8,8,0
4400,0.87475586,0.8629875,0.0043848096,8,8,0
4500,0.875,0.8638439,0.0045664897,8,8,0
4600,0.88183594,0.8672638,0.004332072,8,8,0
4700,0.88012695,0.8683815,0.0043360996,8,8,0
4800,0.87939453,0.86865425,0.004414143,8,8,0
4900,0.88256836,0.8709049,0.004278583,8,8,0
5000,0.88427734,0.8727436,0.0039518485,8,8,0
5100,0.8815918,0.8728676,0.004065313,8,8,0
5200,0.8857422,0.8740139,0.003996917,8,8,0
5300,0.88842773,0.87483597,0.004414102,8,8,0
5400,0.88623047,0.8753662,0.0039002849,8,8,0
5500,0.8876953,0.87828064,0.0039284495,8,8,0
5600,0.8918457,0.8805313,0.0040490096,8,8,0
5700,0.89282227,0.8812313,0.0036535752,8,8,0
5800,0.89282227,0.8837795,0.004222292,8,8,0
5900,0.8925781,0.88389397,0.0037735428,8,8,0
6000,0.8977051,0.8857002,0.0040422957,8,8,0
6100,0.8955078,0.8854065,0.004355148,8,8,0
6200,0.89453125,0.8852577,0.0043885913,8,8,0
6300,0.8942871,0.8854561,0.0037535515,8,8,0
6400,0.89624023,0.88627815,0.0039585964,8,8,0
6500,0.89501953,0.8858757,0.004374017,8,8,0
6600,0.89624023,0.8867321,0.0041443617,8,8,0
6700,0.89819336,0.8868656,0.0043903263,8,8,0
6800,0.89697266,0.88690376,0.00415608,8,8,0
6900,0.89819336,0.88752747,0.0041924478,8,8,0
7000,0.89990234,0.8874874,0.003931688,8,8,0
7100,0.89746094,0.8876209,0.0042275996,8,8,0
7200,0.89624023,0.8869457,0.0042119985,8,8,0
7300,0.90234375,0.8874855,0.004026555,8,8,0
7400,0.89941406,0.88768196,0.004378002,8,8,0
7500,0.8964844,0.88765335,0.0038018716,8,8,0
7600,0.89575195,0.8877964,0.0039259326,8,8,0
7700,0.8979492,0.8875599,0.0039747674,8,8,0
7800,0.8967285,0.887413,0.004135378,8,8,0
7900,0.8989258,0.88760185,0.004160377,8,8,0
8000,0.89624023,0.8876381,0.0038554324,8,8,0
8100,0.8977051,0.8875294,0.0038500475,8,8,0
8200,0.8972168,0.88689613,0.0045246063,8,8,0
8300,0.8996582,0.88809776,0.00445155,8,8,0
8400,0.89941406,0.88763237,0.0041316384,8,8,0
8500,0.89941406,0.88770485,0.004107353,8,8,0
8600,0.89575195,0.8874912,0.0038799082,8,8,0
8700,0.89746094,0.887331,0.004118176,8,8,0
8800,0.89575195,0.88747597,0.003811991,8,8,0
8900,0.8967285,0.88744736,0.0038878466,8,8,0
9000,0.9020996,0.8875656,0.003867787,8,8,0
9100,0.89575195,0.88772774,0.0037683179,8,8,0
9200,0.8977051,0.8872719,0.004426362,8,8,0
9300,0.89941406,0.887619,0.0043951403,8,8,0
9400,0.89746094,0.8879204,0.0041375365,8,8,0
9500,0.8989258,0.887413,0.004337517,8,8,0
9600,0.89941406,0.8875332,0.0044109537,8,8,0
9700,0.9033203,0.88817024,0.0038149788,8,8,0
9800,0.8989258,0.88741684,0.0045814733,8,8,0
9900,0.8996582,0.8873024,0.0045010303,8,8,0
10000,0.8996582,0.8883438,0.004309622,8,8,0
10100,0.89941406,0.88729477,0.004509041,8,8,0
10200,0.9020996,0.8879719,0.0042323126,8,8,0
10300,0.8959961,0.8878212,0.0037333844,8,8,0
10400,0.89575195,0.88850784,0.003919473,8,8,0
10500,0.9013672,0.88980865,0.0043165316,8,8,0
10600,0.9016113,0.88887596,0.0042932034,8,8,0
10700,0.9020996,0.8904457,0.0044183596,8,8,0
10800,0.90185547,0.89053535,0.0039121904,8,8,0
10900,0.9057617,0.8923569,0.0044080145,8,8,0
11000,0.907959,0.8966961,0.0038788992,8,8,0
11100,0.9086914,0.8960285,0.004103039,8,8,0
11200,0.904541,0.89642715,0.003763262,8,8,0
11300,0.90527344,0.895895,0.004220651,8,8,0
11400,0.90844727,0.89521027,0.0043022144,8,8,0
11500,0.9042969,0.895874,0.004111727,8,8,0
11600,0.9082031,0.8956337,0.0043413313,8,8,0
11700,0.90478516,0.8958645,0.004389007,8,8,0
11800,0.90625,0.89603806,0.0041991468,8,8,0
11900,0.9042969,0.8960228,0.0040509407,8,8,0
11999,0.90625,0.8957081,0.0040266355,8,8,0
epoch,score_best,score_avg,score_std,seq_length,latency,repeat_id
100,0.5187988,0.5000782,0.0077952514,8,16,0
200,0.52124023,0.5000839,0.00791844,8,16,0
300,0.5222168,0.5002136,0.0083926115,8,16,0
400,0.52124023,0.49988747,0.007948403,8,16,0
500,0.5251465,0.50006104,0.008430146,8,16,0
600,0.5163574,0.50034714,0.008150113,8,16,0
700,0.5214844,0.50045586,0.008247506,8,16,0
800,0.5222168,0.50037193,0.007623286,8,16,0
900,0.52075195,0.5000324,0.007328437,8,16,0
1000,0.5144043,0.50009537,0.006484122,8,16,0
1100,0.5241699,0.49969292,0.007897761,8,16,0
1200,0.52563477,0.49954796,0.008344428,8,16,0
1300,0.5217285,0.49999237,0.008157156,8,16,0
1400,0.52124023,0.49958992,0.008281963,8,16,0
1500,0.5185547,0.49868202,0.007688876,8,16,0
1600,0.5300293,0.50074387,0.008483165,8,16,0
1700,0.52197266,0.49962997,0.008486245,8,16,0
1800,0.5214844,0.49909782,0.007880604,8,16,0
1900,0.51660156,0.49951172,0.0074371533,8,16,0
2000,0.5192871,0.50064087,0.008312105,8,16,0
2100,0.52368164,0.5001564,0.008748955,8,16,0
2200,0.51953125,0.5011463,0.008037056,8,16,0
2300,0.5214844,0.501585,0.007909824,8,16,0
2400,0.5217285,0.50038147,0.007561573,8,16,0
2500,0.52197266,0.49975586,0.008149394,8,16,0
2600,0.52368164,0.4991169,0.008392785,8,16,0
2700,0.51953125,0.5002403,0.008196681,8,16,0
2800,0.52001953,0.5001793,0.008563673,8,16,0
2900,0.52368164,0.50063896,0.008111255,8,16,0
3000,0.52246094,0.5007019,0.008062361,8,16,0
3100,0.5241699,0.4999447,0.008758397,8,16,0
3200,0.5168457,0.49899483,0.008309507,8,16,0
3300,0.5187988,0.49935913,0.007175331,8,16,0
3400,0.52563477,0.4992695,0.008574218,8,16,0
3500,0.5288086,0.501503,0.008208289,8,16,0
3600,0.517334,0.5013428,0.0075958124,8,16,0
3700,0.51660156,0.50006676,0.007099173,8,16,0
3800,0.51782227,0.50063324,0.0075500286,8,16,0
3900,0.5175781,0.50024986,0.00743048,8,16,0
4000,0.52563477,0.49901962,0.008051146,8,16,0
4100,0.5283203,0.50126266,0.00779771,8,16,0
4200,0.5197754,0.5004101,0.007081126,8,16,0
4300,0.5168457,0.50004005,0.007815229,8,16,0
4400,0.5234375,0.50057983,0.007653587,8,16,0
4500,0.51708984,0.49988556,0.007211901,8,16,0
4600,0.51831055,0.4999504,0.0075521204,8,16,0
4700,0.52124023,0.5002651,0.0073214867,8,16,0
4800,0.5217285,0.50032043,0.008214829,8,16,0
4900,0.5280762,0.5011482,0.007917729,8,16,0
5000,0.5168457,0.50076675,0.0076894443,8,16,0
5100,0.5192871,0.50008965,0.0075753005,8,16,0
5200,0.5161133,0.5008106,0.0072661275,8,16,0
5300,0.51586914,0.49967003,0.007605467,8,16,0
5400,0.5197754,0.49956322,0.0072595705,8,16,0
5500,0.52490234,0.49986076,0.007690289,8,16,0
5600,0.5163574,0.5000591,0.00797191,8,16,0
5700,0.52075195,0.50024605,0.007350334,8,16,0
5800,0.51831055,0.5002861,0.007680681,8,16,0
5900,0.5197754,0.49869537,0.007270837,8,16,0
6000,0.5307617,0.5008774,0.007806205,8,16,0
6100,0.51831055,0.5003853,0.0076642632,8,16,0
6200,0.52905273,0.50105095,0.008051296,8,16,0
6300,0.5205078,0.49947548,0.007848543,8,16,0
6400,0.52490234,0.49920654,0.0077859308,8,16,0
6500,0.5263672,0.500082,0.007794137,8,16,0
6600,0.5263672,0.49973106,0.0075796004,8,16,0
6700,0.5234375,0.5007782,0.0075681596,8,16,0
6800,0.5205078,0.49974632,0.00782521,8,16,0
6900,0.51586914,0.5005741,0.006789156,8,16,0
7000,0.51831055,0.49982643,0.0076521975,8,16,0
7100,0.52319336,0.5004883,0.007974553,8,16,0
7200,0.515625,0.49913216,0.007147944,8,16,0
7300,0.51538086,0.49986076,0.007863989,8,16,0
7400,0.52124023,0.5008278,0.0074401097,8,16,0
7500,0.5239258,0.4994049,0.007969866,8,16,0
7600,0.5217285,0.49988174,0.0077600493,8,16,0
7700,0.52124023,0.49951172,0.007534134,8,16,0
7800,0.51782227,0.5009041,0.007440055,8,16,0
7900,0.52001953,0.5014553,0.0071678907,8,16,0
8000,0.52368164,0.49995422,0.008669396,8,16,0
8100,0.5229492,0.50040245,0.007934957,8,16,0
8200,0.517334,0.49923515,0.0069094766,8,16,0
8300,0.51660156,0.50000954,0.008276647,8,16,0
8400,0.5180664,0.5002842,0.008196443,8,16,0
8500,0.5217285,0.49858284,0.008147568,8,16,0
8600,0.5197754,0.50060844,0.007789279,8,16,0
8700,0.51708984,0.49977875,0.008407714,8,16,0
8800,0.52001953,0.50123596,0.0074776006,8,16,0
8900,0.5163574,0.49919128,0.007820528,8,16,0
9000,0.5222168,0.5005379,0.007761032,8,16,0
9100,0.517334,0.49933243,0.008413307,8,16,0
9200,0.5209961,0.49879265,0.007886081,8,16,0
9300,0.5205078,0.5014229,0.008577942,8,16,0
9400,0.5251465,0.49990082,0.008418948,8,16,0
9500,0.52490234,0.49933434,0.008266982,8,16,0
9600,0.51831055,0.49939728,0.007266833,8,16,0
9700,0.5239258,0.49939156,0.0077190767,8,16,0
9800,0.51464844,0.49970627,0.008259015,8,16,0
9900,0.51904297,0.4992218,0.007945875,8,16,0
10000,0.5229492,0.50100327,0.0074527417,8,16,0
10100,0.52246094,0.4992218,0.0074332547,8,16,0
10200,0.5185547,0.49913597,0.0080400305,8,16,0
10300,0.51831055,0.49920273,0.007291241,8,16,0
10400,0.6472168,0.6374874,0.00426669,8,16,0
10500,0.6921387,0.67487144,0.0051102787,8,16,0
10600,0.7109375,0.699934,0.0052743508,8,16,0
10700,0.7199707,0.70767784,0.005651159,8,16,0
10800,0.7216797,0.70640373,0.005769088,8,16,0
10900,0.7246094,0.712265,0.0049582142,8,16,0
11000,0.7324219,0.71593666,0.006037621,8,16,0
11100,0.7385254,0.7225342,0.0060340744,8,16,0
11200,0.74487305,0.72867966,0.0055604926,8,16,0
11300,0.74780273,0.7339668,0.0047303336,8,16,0
11400,0.7536621,0.7421036,0.0052108653,8,16,0
11500,0.7602539,0.74419975,0.005635907,8,16,0
11600,0.7602539,0.7479248,0.005806686,8,16,0
11700,0.767334,0.75076675,0.005650264,8,16,0
11800,0.7824707,0.7627487,0.0055015446,8,16,0
11900,0.78686523,0.77035904,0.0056213867,8,16,0
11999,0.78125,0.7674198,0.005491264,8,16,0
epoch,score_best,score_avg,score_std,seq_length,latency,repeat_id
100,0.52197266,0.4998169,0.008213255,8,32,0
200,0.5239258,0.5005455,0.0074808835,8,32,0
300,0.5214844,0.50038147,0.007350414,8,32,0
400,0.5187988,0.49977875,0.007456815,8,32,0
500,0.5234375,0.5008354,0.0075286683,8,32,0
600,0.51953125,0.50060654,0.00831272,8,32,0
700,0.52197266,0.5001755,0.0074152653,8,32,0
800,0.5161133,0.49765015,0.007790953,8,32,0
900,0.5214844,0.4997406,0.00781892,8,32,0
1000,0.5275879,0.500473,0.00818325,8,32,0
1100,0.51953125,0.4987507,0.008406727,8,32,0
1200,0.52197266,0.5003395,0.00813465,8,32,0
1300,0.52319336,0.4996071,0.008287712,8,32,0
1400,0.5222168,0.5000076,0.00726132,8,32,0
1500,0.52441406,0.49961472,0.008170714,8,32,0
1600,0.5187988,0.49975014,0.00766875,8,32,0
1700,0.52246094,0.49988365,0.008061955,8,32,0
1800,0.51708984,0.49911118,0.0072190505,8,32,0
1900,0.52001953,0.5004978,0.0068041477,8,32,0
2000,0.5214844,0.4998932,0.007458458,8,32,0
2100,0.51416016,0.4988823,0.007606325,8,32,0
2200,0.5239258,0.4997158,0.007479969,8,32,0
2300,0.5205078,0.49998856,0.008136003,8,32,0
2400,0.51904297,0.49996185,0.007888096,8,32,0
2500,0.5217285,0.4997959,0.008457048,8,32,0
2600,0.52001953,0.4998684,0.008331015,8,32,0
2700,0.5246582,0.50105095,0.0072124572,8,32,0
2800,0.51538086,0.49855042,0.0073334794,8,32,0
2900,0.52197266,0.5004864,0.008251577,8,32,0
3000,0.5202637,0.49977112,0.0073835985,8,32,0
3100,0.5214844,0.50169754,0.007659295,8,32,0
3200,0.52490234,0.5000706,0.00710012,8,32,0
3300,0.52124023,0.50027466,0.00774798,8,32,0
3400,0.5192871,0.50086594,0.007860563,8,32,0
3500,0.5209961,0.49960518,0.0075845923,8,32,0
3600,0.5253906,0.50009346,0.0073408014,8,32,0
3700,0.51708984,0.50076866,0.0075350055,8,32,0
3800,0.5148926,0.50011826,0.0069159847,8,32,0
3900,0.51904297,0.5017624,0.0074660205,8,32,0
4000,0.52075195,0.50078773,0.008237271,8,32,0
4100,0.51220703,0.4977417,0.007112822,8,32,0
4200,0.51342773,0.500227,0.006970657,8,32,0
4300,0.5266113,0.50022507,0.007937598,8,32,0
4400,0.52246094,0.49991417,0.007245762,8,32,0
4500,0.517334,0.50026894,0.0076866043,8,32,0
4600,0.5227051,0.5000267,0.00826915,8,32,0
4700,0.5180664,0.49995613,0.008136552,8,32,0
4800,0.52319336,0.50136566,0.007392151,8,32,0
4900,0.5168457,0.4996128,0.0073669166,8,32,0
5000,0.5241699,0.49993896,0.008191796,8,32,0
5100,0.52075195,0.5009384,0.007953998,8,32,0
5200,0.52124023,0.50135994,0.00770239,8,32,0
5300,0.5222168,0.50006485,0.008356327,8,32,0
5400,0.5180664,0.5007839,0.007524589,8,32,0
5500,0.5187988,0.49987793,0.007202019,8,32,0
5600,0.5292969,0.4994011,0.008293533,8,32,0
5700,0.5185547,0.49951935,0.007960815,8,32,0
5800,0.5209961,0.49887085,0.008204803,8,32,0
5900,0.5222168,0.5004196,0.0073413607,8,32,0
6000,0.52001953,0.50027084,0.007791803,8,32,0
6100,0.5187988,0.5003166,0.008731033,8,32,0
6200,0.5187988,0.50019073,0.0073388866,8,32,0
6300,0.5202637,0.50053215,0.008030556,8,32,0
6400,0.52246094,0.5004349,0.0082675,8,32,0
6500,0.5187988,0.49881744,0.0076699625,8,32,0
6600,0.5202637,0.49964714,0.0080722775,8,32,0
6700,0.53271484,0.5002785,0.007960334,8,32,0
6800,0.52001953,0.4998169,0.0077416664,8,32,0
6900,0.5202637,0.49988937,0.00791217,8,32,0
7000,0.52490234,0.5012989,0.0075890617,8,32,0
7100,0.5227051,0.49898148,0.0072741453,8,32,0
7200,0.5205078,0.49960327,0.007865133,8,32,0
7300,0.52441406,0.49943542,0.007286851,8,32,0
7400,0.51953125,0.49915314,0.007879325,8,32,0
7500,0.5209961,0.49935913,0.009074914,8,32,0
7600,0.5180664,0.49961662,0.008199335,8,32,0
7700,0.5192871,0.50149536,0.0076520657,8,32,0
7800,0.5180664,0.5002556,0.007997168,8,32,0
7900,0.5229492,0.49979973,0.00704807,8,32,0
8000,0.6442871,0.6304569,0.004859927,8,32,0
8100,0.6472168,0.635643,0.005345669,8,32,0
8200,0.6484375,0.6361599,0.0054617217,8,32,0
8300,0.64868164,0.6368942,0.0052994313,8,32,0
8400,0.64819336,0.6364956,0.0045171194,8,32,0
8500,0.6477051,0.6368866,0.004902205,8,32,0
8600,0.6489258,0.6371002,0.0053374143,8,32,0
8700,0.65478516,0.64058304,0.0051544094,8,32,0
8800,0.6767578,0.6611061,0.0053139357,8,32,0
8900,0.6804199,0.66958046,0.0050445786,8,32,0
9000,0.69506836,0.67780876,0.005494991,8,32,0
9100,0.6879883,0.6775665,0.0053538783,8,32,0
9200,0.7121582,0.69989014,0.005492571,8,32,0
9300,0.7265625,0.71162796,0.0053891055,8,32,0
9400,0.7285156,0.7152729,0.0052213375,8,32,0
9500,0.7324219,0.71936417,0.0053188186,8,32,0
9600,0.7324219,0.7176075,0.0047600507,8,32,0
9700,0.732666,0.71725273,0.0053932746,8,32,0
9800,0.7373047,0.7242222,0.005200765,8,32,0
9900,0.73779297,0.72302055,0.0050714295,8,32,0
10000,0.7373047,0.72538376,0.0052903,8,32,0
10100,0.73828125,0.7258587,0.005881001,8,32,0
10200,0.74487305,0.7285156,0.005909546,8,32,0
10300,0.7480469,0.7324009,0.005603449,8,32,0
10400,0.748291,0.73534775,0.0053330706,8,32,0
10500,0.7468262,0.7344341,0.005171513,8,32,0
10600,0.7475586,0.7373047,0.004621474,8,32,0
10700,0.7565918,0.74105453,0.005403915,8,32,0
10800,0.7626953,0.7433758,0.005305353,8,32,0
10900,0.76220703,0.7475319,0.0053530503,8,32,0
11000,0.75927734,0.7478695,0.00540977,8,32,0
11100,0.7602539,0.74616814,0.0055983374,8,32,0
11200,0.76782227,0.75029755,0.0050750044,8,32,0
11300,0.767334,0.7528,0.0054935827,8,32,0
11400,0.76538086,0.7501526,0.005520899,8,32,0
11500,0.7651367,0.7506447,0.0054036565,8,32,0
11600,0.7739258,0.7586918,0.0050943643,8,32,0
11700,0.7705078,0.75592613,0.006321907,8,32,0
11800,0.77319336,0.76049995,0.0053900895,8,32,0
11900,0.7734375,0.76016426,0.0051223068,8,32,0
11999,0.77075195,0.75802994,0.0053072716,8,32,0
epoch,score_best,score_avg,score_std,seq_length,latency,repeat_id
100,0.513916,0.49983883,0.0049816836,16,0,0
200,0.5098877,0.49920273,0.0054726093,16,0,0
300,0.51416016,0.5004082,0.0051980405,16,0,0
400,0.51538086,0.5005789,0.005464676,16,0,0
500,0.5128174,0.5000582,0.0048211007,16,0,0
600,0.5107422,0.49978638,0.0048664776,16,0,0
700,0.5119629,0.4992075,0.005103124,16,0,0
800,0.5184326,0.5000353,0.005845932,16,0,0
900,0.5130615,0.5003624,0.005133849,16,0,0
1000,0.51464844,0.49982738,0.005072751,16,0,0
1100,0.51672363,0.5004177,0.0061990814,16,0,0
1200,0.5135498,0.5003443,0.0054305736,16,0,0
1300,0.5124512,0.49947262,0.0051379073,16,0,0
1400,0.513916,0.49935913,0.005324902,16,0,0
1500,0.5126953,0.49952316,0.005863931,16,0,0
1600,0.5161133,0.49986935,0.0053541,16,0,0
1700,0.513916,0.5002966,0.0056423005,16,0,0
1800,0.5131836,0.50108814,0.0049993913,16,0,0
1900,0.5107422,0.49984646,0.0050409515,16,0,0
2000,0.51708984,0.4995327,0.0054465774,16,0,0
2100,0.5130615,0.49975872,0.0052952277,16,0,0
2200,0.51293945,0.49977684,0.0051046773,16,0,0
2300,0.5144043,0.50039196,0.005806238,16,0,0
2400,0.510376,0.49952412,0.0053629777,16,0,0
2500,0.5169678,0.49996758,0.0055349767,16,0,0
2600,0.5128174,0.49927235,0.0059217354,16,0,0
2700,0.51049805,0.499815,0.004813488,16,0,0
2800,0.5144043,0.5006552,0.0059867534,16,0,0
2900,0.5148926,0.50053024,0.005381626,16,0,0
3000,0.51916504,0.50007725,0.005692753,16,0,0
3100,0.51123047,0.5004072,0.005641178,16,0,0
3200,0.51501465,0.49967098,0.0056446916,16,0,0
3300,0.51623535,0.50013924,0.0053787115,16,0,0
3400,0.51623535,0.5007744,0.0051397984,16,0,0
3500,0.5136719,0.50002766,0.005376622,16,0,0
3600,0.5123291,0.49994373,0.00559883,16,0,0
3700,0.5157471,0.5000448,0.0057861577,16,0,0
3800,0.5124512,0.4993477,0.005813887,16,0,0
3900,0.5142822,0.500062,0.005434143,16,0,0
4000,0.51123047,0.49925518,0.0049073757,16,0,0
4100,0.51452637,0.4998207,0.0058271377,16,0,0
4200,0.51135254,0.50043106,0.0056386935,16,0,0
4300,0.51330566,0.5003624,0.0056319176,16,0,0
4400,0.5144043,0.5009308,0.006051375,16,0,0
4500,0.5144043,0.49958134,0.0051431106,16,0,0
4600,0.513916,0.499362,0.005807452,16,0,0
4700,0.5123291,0.4994793,0.0052102334,16,0,0
4800,0.5161133,0.49986362,0.005610747,16,0,0
4900,0.5128174,0.4992857,0.0055493154,16,0,0
5000,0.5213623,0.49951458,0.0058328398,16,0,0
5100,0.5140381,0.5004673,0.0052680643,16,0,0
5200,0.5148926,0.5004082,0.005475363,16,0,0
5300,0.5148926,0.49991512,0.006306286,16,0,0
5400,0.5130615,0.49948788,0.0054598344,16,0,0
5500,0.5147705,0.50018215,0.005598728,16,0,0
5600,0.5115967,0.49916363,0.005545559,16,0,0
5700,0.51538086,0.50101185,0.0056294003,16,0,0
5800,0.5147705,0.49970722,0.0052848156,16,0,0
5900,0.51208496,0.5000496,0.005481377,16,0,0
6000,0.51257324,0.500885,0.0055376794,16,0,0
6100,0.5128174,0.50030804,0.0052156933,16,0,0
6200,0.5119629,0.49951553,0.0051302426,16,0,0
6300,0.51379395,0.5000105,0.0049069533,16,0,0
6400,0.5151367,0.5001507,0.005419351,16,0,0
6500,0.5140381,0.49942112,0.0060383994,16,0,0
6600,0.51623535,0.49998283,0.005360565,16,0,0
6700,0.5147705,0.5011711,0.005653961,16,0,0
6800,0.5131836,0.5004015,0.0054401844,16,0,0
6900,0.51672363,0.5005913,0.0053680674,16,0,0
7000,0.51538086,0.5000391,0.0054533454,16,0,0
7100,0.51257324,0.49957752,0.005951102,16,0,0
7200,0.5107422,0.49947357,0.0050296346,16,0,0
7300,0.51416016,0.49989605,0.0052399463,16,0,0
7400,0.5130615,0.49954605,0.005287581,16,0,0
7500,0.5109863,0.49973297,0.0058696526,16,0,0
7600,0.515625,0.50045586,0.005943694,16,0,0
7700,0.51782227,0.4995327,0.006441001,16,0,0
7800,0.5142822,0.5002794,0.005904011,16,0,0
7900,0.517334,0.49977684,0.0063870405,16,0,0
8000,0.51538086,0.49999714,0.005509447,16,0,0
8100,0.5126953,0.4997158,0.0053641777,16,0,0
8200,0.5147705,0.50008583,0.0053775134,16,0,0
8300,0.5118408,0.5003166,0.0049149273,16,0,0
8400,0.5140381,0.49996853,0.005699934,16,0,0
8500,0.51379395,0.500124,0.0053383517,16,0,0
8600,0.51464844,0.49944782,0.0048967865,16,0,0
8700,0.5115967,0.50035095,0.0054527917,16,0,0
8800,0.5147705,0.5005255,0.005539878,16,0,0
8900,0.5131836,0.5000248,0.005538296,16,0,0
9000,0.51745605,0.5007458,0.0054875496,16,0,0
9100,0.51708984,0.50115776,0.004837902,16,0,0
9200,0.5135498,0.49995232,0.00589454,16,0,0
9300,0.51135254,0.49944592,0.005601138,16,0,0
9400,0.51330566,0.49972248,0.005387427,16,0,0
9500,0.51379395,0.49976826,0.005746952,16,0,0
9600,0.5180664,0.5002451,0.0060638953,16,0,0
9700,0.5168457,0.50054455,0.0051224763,16,0,0
9800,0.5164795,0.50033855,0.006019572,16,0,0
9900,0.5126953,0.49998188,0.0046973056,16,0,0
10000,0.5155029,0.49935246,0.0056038946,16,0,0
10100,0.51342773,0.4999342,0.0051293573,16,0,0
10200,0.5144043,0.50081444,0.005425183,16,0,0
10300,0.51171875,0.5008564,0.0050144563,16,0,0
10400,0.5155029,0.5003004,0.005909879,16,0,0
10500,0.5142822,0.49992466,0.005293087,16,0,0
10600,0.51171875,0.49990273,0.0046428195,16,0,0
10700,0.5109863,0.49915218,0.0055441572,16,0,0
10800,0.51452637,0.4999199,0.0052652424,16,0,0
10900,0.51538086,0.5006952,0.006168149,16,0,0
11000,0.51220703,0.4996252,0.005721887,16,0,0
11100,0.5131836,0.49956894,0.0056079924,16,0,0
11200,0.52001953,0.5009079,0.00556389,16,0,0
11300,0.5159912,0.5002966,0.005822796,16,0,0
11400,0.51672363,0.50070953,0.005730376,16,0,0
11500,0.5123291,0.4998579,0.0052877986,16,0,0
11600,0.6738281,0.66348743,0.0040524127,16,0,0
11700,0.70288086,0.6938629,0.0041645314,16,0,0
11800,0.72302246,0.7106619,0.004260298,16,0,0
11900,0.7338867,0.72325706,0.0040211063,16,0,0
11999,0.7451172,0.7342863,0.003852707,16,0,0
epoch,score_best,score_avg,score_std,seq_length,latency,repeat_id
100,0.513916,0.5004406,0.005382141,16,8,0
200,0.513916,0.49987602,0.0055567133,16,8,0
300,0.5142822,0.49962902,0.005265397,16,8,0
400,0.5164795,0.49998665,0.006215634,16,8,0
500,0.51086426,0.49959755,0.0050099124,16,8,0
600,0.5119629,0.5007763,0.004952123,16,8,0
700,0.5151367,0.50012875,0.0061343624,16,8,0
800,0.5106201,0.50028324,0.005215537,16,8,0
900,0.513916,0.49964333,0.005508098,16,8,0
1000,0.5131836,0.5003309,0.0047593764,16,8,0
1100,0.51452637,0.49961758,0.005220722,16,8,0
1200,0.5136719,0.49931622,0.0054158242,16,8,0
1300,0.5155029,0.50127983,0.005526715,16,8,0
1400,0.5135498,0.49977303,0.005485396,16,8,0
1500,0.51257324,0.50050163,0.0051773908,16,8,0
1600,0.5111084,0.49948406,0.0056038457,16,8,0
1700,0.51660156,0.50080395,0.005887571,16,8,0
1800,0.51464844,0.5003891,0.005797652,16,8,0
1900,0.5136719,0.49973488,0.005620003,16,8,0
2000,0.5135498,0.49964333,0.0052918,16,8,0
2100,0.5172119,0.5000963,0.005266795,16,8,0
2200,0.51586914,0.499856,0.005340869,16,8,0
2300,0.5130615,0.49993515,0.005367883,16,8,0
2400,0.5157471,0.5001049,0.005872349,16,8,0
2500,0.51293945,0.5001106,0.0060836547,16,8,0
2600,0.5128174,0.49932194,0.005885164,16,8,0
2700,0.51464844,0.49913216,0.0053673256,16,8,0
2800,0.5140381,0.500371,0.0052215704,16,8,0
2900,0.5130615,0.4993143,0.0051186387,16,8,0
3000,0.51257324,0.5001726,0.005780918,16,8,0
3100,0.5123291,0.4999466,0.0049338476,16,8,0
3200,0.51379395,0.49981976,0.0056664567,16,8,0
3300,0.5161133,0.49998188,0.0060425983,16,8,0
3400,0.5118408,0.5,0.005337502,16,8,0
3500,0.51904297,0.49982452,0.0063469545,16,8,0
3600,0.5152588,0.50038147,0.0057111303,16,8,0
3700,0.51220703,0.5001068,0.005530864,16,8,0
3800,0.5142822,0.49953842,0.005735537,16,8,0
3900,0.5187988,0.50017834,0.005531367,16,8,0
4000,0.51330566,0.49968052,0.0056000613,16,8,0
4100,0.5130615,0.49971104,0.0058700717,16,8,0
4200,0.51000977,0.4993286,0.0055041523,16,8,0
4300,0.51171875,0.4999485,0.005807179,16,8,0
4400,0.5126953,0.50014114,0.005856084,16,8,0
4500,0.51782227,0.50078773,0.006085385,16,8,0
4600,0.5140381,0.50017166,0.005606757,16,8,0
4700,0.5123291,0.50023174,0.0053323703,16,8,0
4800,0.51452637,0.50026226,0.005491449,16,8,0
4900,0.5119629,0.4996338,0.00543864,16,8,0
5000,0.51538086,0.49935913,0.0055630165,16,8,0
5100,0.51416016,0.5005169,0.0055325995,16,8,0
5200,0.5136719,0.49918365,0.005627179,16,8,0
5300,0.5181885,0.500782,0.005677016,16,8,0
5400,0.51623535,0.50027466,0.006000023,16,8,0
5500,0.51086426,0.499238,0.0054502664,16,8,0
5600,0.5185547,0.49958897,0.005656729,16,8,0
5700,0.5227051,0.5006037,0.0064172833,16,8,0
5800,0.51538086,0.5004053,0.0051719625,16,8,0
5900,0.5175781,0.49916744,0.0047783265,16,8,0
6000,0.5119629,0.4997816,0.0050034095,16,8,0
6100,0.51257324,0.50054264,0.0058035743,16,8,0
6200,0.51220703,0.49913502,0.0053114407,16,8,0
6300,0.5140381,0.5005388,0.005255818,16,8,0
6400,0.5161133,0.50003433,0.0053221667,16,8,0
6500,0.51538086,0.50008965,0.005481782,16,8,0
6600,0.5172119,0.5000143,0.005610228,16,8,0
6700,0.5097656,0.5002928,0.004900503,16,8,0
6800,0.5126953,0.49988556,0.004943159,16,8,0
6900,0.6567383,0.64759254,0.0036544593,16,8,0
7000,0.68603516,0.67589664,0.0039793947,16,8,0
7100,0.7001953,0.6911888,0.0039605577,16,8,0
7200,0.7128906,0.70306206,0.0039970446,16,8,0
7300,0.7213135,0.71032715,0.0039959387,16,8,0
7400,0.7290039,0.71644306,0.004611433,16,8,0
7500,0.7322998,0.7210989,0.0043080007,16,8,0
7600,0.7381592,0.7272949,0.004025169,16,8,0
7700,0.74365234,0.733201,0.0044228677,16,8,0
7800,0.7480469,0.73796177,0.004618806,16,8,0
7900,0.7529297,0.74330616,0.0039772433,16,8,0
8000,0.7590332,0.748847,0.00445219,16,8,0
8100,0.76464844,0.7535744,0.0039244746,16,8,0
8200,0.7685547,0.75733566,0.0041128434,16,8,0
8300,0.7762451,0.7630701,0.004446705,16,8,0
8400,0.7753906,0.7665119,0.003997205,16,8,0
8500,0.78234863,0.7693777,0.004689372,16,8,0
8600,0.7832031,0.773365,0.0035178852,16,8,0
8700,0.7857666,0.7763624,0.004057272,16,8,0
8800,0.791626,0.7794304,0.0041710795,16,8,0
8900,0.7923584,0.7827444,0.004031606,16,8,0
9000,0.79467773,0.7838249,0.0037908324,16,8,0
9100,0.7963867,0.78540707,0.0037471221,16,8,0
9200,0.7982178,0.78857803,0.0040286654,16,8,0
9300,0.8000488,0.79061604,0.0036858334,16,8,0
9400,0.80371094,0.79343224,0.0037116625,16,8,0
9500,0.803833,0.79506207,0.0039709248,16,8,0
9600,0.80822754,0.7980385,0.0040439516,16,8,0
9700,0.8078613,0.7996006,0.0033389947,16,8,0
9800,0.81152344,0.80161476,0.0038938953,16,8,0
9900,0.81188965,0.80319977,0.0040756324,16,8,0
10000,0.81359863,0.8057127,0.0037572375,16,8,0
10100,0.81811523,0.80675983,0.0040905075,16,8,0
10200,0.8178711,0.80669975,0.0042280606,16,8,0
10300,0.8208008,0.80957603,0.003928326,16,8,0
10400,0.8199463,0.8109293,0.003801502,16,8,0
10500,0.8215332,0.81161594,0.0034013665,16,8,0
10600,0.82458496,0.8139839,0.00379292,16,8,0
10700,0.82299805,0.8142414,0.00371665,16,8,0
10800,0.8309326,0.8167944,0.004197871,16,8,0
10900,0.826416,0.81792927,0.0033598442,16,8,0
11000,0.8288574,0.82007027,0.0039039538,16,8,0
11100,0.8297119,0.8211937,0.0036512194,16,8,0
11200,0.829834,0.82182217,0.0036152985,16,8,0
11300,0.83288574,0.82297134,0.0039633787,16,8,0
11400,0.833374,0.823246,0.0035231595,16,8,0
11500,0.8334961,0.8244152,0.0038944073,16,8,0
11600,0.83251953,0.8244972,0.0031553959,16,8,0
11700,0.83532715,0.82556534,0.0034863222,16,8,0
11800,0.8383789,0.8259764,0.0038637393,16,8,0
11900,0.8345947,0.8270006,0.0034714553,16,8,0
11999,0.8372803,0.82947254,0.003129704,16,8,0
epoch,score_best,score_avg,score_std,seq_length,latency,repeat_id
100,0.5187988,0.5002079,0.0052583823,16,16,0
200,0.51464844,0.49993515,0.0057456363,16,16,0
300,0.51452637,0.50038433,0.005254124,16,16,0
400,0.52038574,0.49953842,0.006204718,16,16,0
500,0.5157471,0.5001488,0.0054238485,16,16,0
600,0.5119629,0.49988365,0.0047560656,16,16,0
700,0.517334,0.5008335,0.0057616653,16,16,0
800,0.5151367,0.4998989,0.0059293527,16,16,0
900,0.51452637,0.49945545,0.006090014,16,16,0
1000,0.5155029,0.499856,0.0057294145,16,16,0
1100,0.51123047,0.4991293,0.005808077,16,16,0
1200,0.51208496,0.49961376,0.005230734,16,16,0
1300,0.5136719,0.4995222,0.005250798,16,16,0
1400,0.5135498,0.49993038,0.005375333,16,16,0
1500,0.51330566,0.4996519,0.005214714,16,16,0
1600,0.51342773,0.4994793,0.0057389573,16,16,0
1700,0.5147705,0.5002537,0.0061048437,16,16,0
1800,0.51208496,0.4999256,0.005371987,16,16,0
1900,0.5123291,0.5002737,0.0051163323,16,16,0
2000,0.5118408,0.5009432,0.0048227604,16,16,0
2100,0.51171875,0.49997616,0.0053345147,16,16,0
2200,0.5115967,0.49971867,0.0052051838,16,16,0
2300,0.5119629,0.4993782,0.0049659894,16,16,0
2400,0.5175781,0.49985695,0.0059391614,16,16,0
2500,0.513916,0.49926472,0.005556137,16,16,0
2600,0.5131836,0.4998703,0.005135614,16,16,0
2700,0.5152588,0.50029755,0.0054503735,16,16,0
2800,0.5164795,0.5004425,0.004968347,16,16,0
2900,0.5155029,0.5006609,0.005367745,16,16,0
3000,0.5102539,0.5006323,0.0049482123,16,16,0
3100,0.5136719,0.5000229,0.005863382,16,16,0
3200,0.5180664,0.5004864,0.0056898706,16,16,0
3300,0.5115967,0.49907684,0.004800017,16,16,0
3400,0.5142822,0.500268,0.0050865826,16,16,0
3500,0.5144043,0.4995165,0.0055367416,16,16,0
3600,0.5111084,0.5000973,0.0052576954,16,16,0
3700,0.51257324,0.4997816,0.0050251866,16,16,0
3800,0.5181885,0.50035,0.0056577683,16,16,0
3900,0.513916,0.4997511,0.005519917,16,16,0
4000,0.5097656,0.49975872,0.0049203727,16,16,0
4100,0.51501465,0.50024605,0.0058720764,16,16,0
4200,0.5140381,0.5001621,0.0061077885,16,16,0
4300,0.5119629,0.5005846,0.0049800877,16,16,0
4400,0.51257324,0.49952793,0.005439547,16,16,0
4500,0.51452637,0.49989605,0.005663603,16,16,0
4600,0.5126953,0.50028324,0.0050994484,16,16,0
4700,0.5185547,0.5000849,0.0056381295,16,16,0
4800,0.515625,0.5003166,0.0057699294,16,16,0
4900,0.51379395,0.50001717,0.005492713,16,16,0
5000,0.5124512,0.49895763,0.0049637035,16,16,0
5100,0.51379395,0.5002136,0.005770163,16,16,0
5200,0.5123291,0.5008116,0.0051074475,16,16,0
5300,0.5147705,0.49891472,0.0053404067,16,16,0
5400,0.5136719,0.499547,0.0048963632,16,16,0
5500,0.51452637,0.4998045,0.00576068,16,16,0
5600,0.5106201,0.49980545,0.0050258297,16,16,0
5700,0.5136719,0.4997568,0.0056037684,16,16,0
5800,0.51452637,0.50005245,0.006152371,16,16,0
5900,0.5118408,0.49944592,0.0053927656,16,16,0
6000,0.51452637,0.50027657,0.005293667,16,16,0
6100,0.51208496,0.49986172,0.0057342476,16,16,0
6200,0.5130615,0.5001688,0.005143369,16,16,0
6300,0.5148926,0.5009661,0.005450572,16,16,0
6400,0.5115967,0.49950314,0.00523388,16,16,0
6500,0.51586914,0.49999523,0.0057044285,16,16,0
6600,0.5159912,0.4998579,0.0059110783,16,16,0
6700,0.50964355,0.4994955,0.005487977,16,16,0
6800,0.5131836,0.4990635,0.005633493,16,16,0
6900,0.5144043,0.49974823,0.004770434,16,16,0
7000,0.5181885,0.49992943,0.005487728,16,16,0
7100,0.51220703,0.49976444,0.005552212,16,16,0
7200,0.51257324,0.4997673,0.005778941,16,16,0
7300,0.5201416,0.50037,0.0057064793,16,16,0
7400,0.5169678,0.5005894,0.005561784,16,16,0
7500,0.51220703,0.4999895,0.005802535,16,16,0
7600,0.5189209,0.5006027,0.005098919,16,16,0
7700,0.5151367,0.49971294,0.005676692,16,16,0
7800,0.5136719,0.49982262,0.005274,16,16,0
7900,0.5114746,0.49968338,0.005648358,16,16,0
8000,0.5148926,0.50000286,0.0058299648,16,16,0
8100,0.51452637,0.500329,0.005346841,16,16,0
8200,0.5140381,0.5000324,0.0055151493,16,16,0
8300,0.51171875,0.49969864,0.0050019026,16,16,0
8400,0.51416016,0.50037,0.0054024714,16,16,0
8500,0.51586914,0.500494,0.005663495,16,16,0
8600,0.5151367,0.49974442,0.005390553,16,16,0
8700,0.5124512,0.50064373,0.005143224,16,16,0
8800,0.51708984,0.5001335,0.005444981,16,16,0
8900,0.5126953,0.4990425,0.0050085434,16,16,0
9000,0.6121826,0.6041937,0.00405292,16,16,0
9100,0.6485596,0.6368952,0.0040280838,16,16,0
9200,0.6557617,0.64431953,0.003954455,16,16,0
9300,0.661499,0.650753,0.0041457578,16,16,0
9400,0.67211914,0.6607199,0.004392229,16,16,0
9500,0.6804199,0.6701555,0.003794718,16,16,0
9600,0.6861572,0.6745987,0.0042284676,16,16,0
9700,0.6954346,0.6802511,0.004152301,16,16,0
9800,0.69506836,0.6852503,0.0042256843,16,16,0
9900,0.69970703,0.6898575,0.0041137864,16,16,0
10000,0.70166016,0.6936531,0.0035979834,16,16,0
10100,0.70544434,0.6972666,0.004043536,16,16,0
10200,0.70874023,0.7002373,0.0038130623,16,16,0
10300,0.7116699,0.70300007,0.0037316543,16,16,0
10400,0.71691895,0.7050066,0.004120736,16,16,0
10500,0.7188721,0.7087364,0.003923644,16,16,0
10600,0.71984863,0.710577,0.0040509957,16,16,0
10700,0.7229004,0.7127352,0.0038225846,16,16,0
10800,0.72229004,0.7142706,0.0037728897,16,16,0
10900,0.72595215,0.7169943,0.0042423583,16,16,0
11000,0.7315674,0.7200489,0.0044189338,16,16,0
11100,0.73339844,0.7225113,0.0042913225,16,16,0
11200,0.73327637,0.7238035,0.003979191,16,16,0
11300,0.7347412,0.7250681,0.004120035,16,16,0
11400,0.7390137,0.7269001,0.0041412497,16,16,0
11500,0.73706055,0.7288914,0.004101936,16,16,0
11600,0.7423096,0.7319355,0.0041741077,16,16,0
11700,0.7421875,0.73420715,0.0038543472,16,16,0
11800,0.7438965,0.73469925,0.003990937,16,16,0
11900,0.74658203,0.7380762,0.004085993,16,16,0
11999,0.74890137,0.7391367,0.0037863783,16,16,0
epoch,score_best,score_avg,score_std,seq_length,latency,repeat_id
100,0.5128174,0.49968433,0.0050241877,16,32,0
200,0.5177002,0.49880314,0.005622591,16,32,0
300,0.5169678,0.50000095,0.005385888,16,32,0
400,0.50964355,0.49950027,0.0047805915,16,32,0
500,0.51452637,0.5002022,0.005234486,16,32,0
600,0.5201416,0.50025177,0.005588546,16,32,0
700,0.5180664,0.49979305,0.0056595625,16,32,0
800,0.5136719,0.4997139,0.0057911156,16,32,0
900,0.5163574,0.5010176,0.0052499613,16,32,0
1000,0.5114746,0.5002003,0.005934702,16,32,0
1100,0.5142822,0.50059986,0.00543198,16,32,0
1200,0.5151367,0.50039387,0.005495944,16,32,0
1300,0.51452637,0.49990463,0.0056497077,16,32,0
1400,0.51220703,0.4996481,0.0049187914,16,32,0
1500,0.51538086,0.50012493,0.005079835,16,32,0
1600,0.51660156,0.50092506,0.00523469,16,32,0
1700,0.51538086,0.50025845,0.0058032093,16,32,0
1800,0.5180664,0.5003357,0.0053705084,16,32,0
1900,0.5106201,0.49973583,0.0058183586,16,32,0
2000,0.5140381,0.5000124,0.0055052484,16,32,0
2100,0.513916,0.49996185,0.005098805,16,32,0
2200,0.5161133,0.5005083,0.0055066426,16,32,0
2300,0.51220703,0.4997692,0.0055408785,16,32,0
2400,0.5148926,0.5003185,0.0060256226,16,32,0
2500,0.51464844,0.49971867,0.0051884274,16,32,0
2600,0.51501465,0.5008688,0.0051830634,16,32,0
2700,0.5148926,0.49958134,0.00591826,16,32,0
2800,0.5111084,0.4997692,0.005813042,16,32,0
2900,0.51782227,0.50047493,0.0054617133,16,32,0
3000,0.51379395,0.4997635,0.0054868823,16,32,0
3100,0.5130615,0.5002022,0.0056543937,16,32,0
3200,0.5163574,0.49956036,0.005557182,16,32,0
3300,0.513916,0.49888897,0.005516318,16,32,0
3400,0.513916,0.5001116,0.0054576797,16,32,0
3500,0.5124512,0.4993658,0.0057066055,16,32,0
3600,0.522583,0.5007534,0.0058281007,16,32,0
3700,0.5157471,0.500576,0.0061550806,16,32,0
3800,0.51049805,0.5001259,0.004755333,16,32,0
3900,0.5119629,0.49887276,0.0056844153,16,32,0
4000,0.5140381,0.5004473,0.0057936655,16,32,0
4100,0.51293945,0.5007334,0.0054865796,16,32,0
4200,0.51416016,0.5002794,0.005984756,16,32,0
4300,0.5168457,0.5004177,0.0054492597,16,32,0
4400,0.5180664,0.49974442,0.006059534,16,32,0
4500,0.5124512,0.49974442,0.0053841784,16,32,0
4600,0.5124512,0.49910927,0.005448122,16,32,0
4700,0.5107422,0.49917126,0.0055168415,16,32,0
4800,0.513916,0.50026226,0.0050944956,16,32,0
4900,0.5118408,0.50043774,0.0052482593,16,32,0
5000,0.5106201,0.49960995,0.005094495,16,32,0
5100,0.5128174,0.5006275,0.005156968,16,32,0
5200,0.5107422,0.49945545,0.0051425495,16,32,0
5300,0.5194092,0.5007448,0.0059385286,16,32,0
5400,0.5124512,0.5001936,0.0054045534,16,32,0
5500,0.5119629,0.5003195,0.0056823394,16,32,0
5600,0.5131836,0.5000458,0.0047283783,16,32,0
5700,0.5161133,0.49964905,0.0061194403,16,32,0
5800,0.51293945,0.4997282,0.0056211445,16,32,0
5900,0.5163574,0.50022316,0.0051379334,16,32,0
6000,0.51708984,0.5007906,0.005636815,16,32,0
6100,0.5147705,0.5000315,0.004907907,16,32,0
6200,0.5128174,0.50033474,0.0051604547,16,32,0
6300,0.5151367,0.50110817,0.0053807213,16,32,0
6400,0.51220703,0.5002394,0.0047724266,16,32,0
6500,0.51220703,0.4999361,0.0053425804,16,32,0
6600,0.51916504,0.49957657,0.005821161,16,32,0
6700,0.51257324,0.49959564,0.00547807,16,32,0
6800,0.5172119,0.50008297,0.005496404,16,32,0
6900,0.51586914,0.49987316,0.0053571695,16,32,0
7000,0.51257324,0.5003071,0.0050170557,16,32,0
7100,0.5118408,0.5003214,0.005627616,16,32,0
7200,0.5128174,0.50056934,0.005229699,16,32,0
7300,0.51452637,0.50006294,0.004994334,16,32,0
7400,0.5144043,0.4989071,0.005258282,16,32,0
7500,0.51135254,0.5004177,0.005119218,16,32,0
7600,0.5124512,0.49997997,0.0052537187,16,32,0
7700,0.51708984,0.49981594,0.005885226,16,32,0
7800,0.5124512,0.5004263,0.0057298327,16,32,0
7900,0.5124512,0.5006285,0.0061605666,16,32,0
8000,0.5189209,0.5000286,0.0057535847,16,32,0
8100,0.5126953,0.500062,0.005845132,16,32,0
8200,0.5123291,0.5000086,0.005026357,16,32,0
8300,0.51171875,0.49941826,0.005741675,16,32,0
8400,0.5142822,0.4991417,0.0053272825,16,32,0
8500,0.51416016,0.49988842,0.0056631705,16,32,0
8600,0.51220703,0.49957657,0.0062535517,16,32,0
8700,0.5106201,0.49960327,0.0049442006,16,32,0
8800,0.5151367,0.49932766,0.005548327,16,32,0
8900,0.51379395,0.5002451,0.00588755,16,32,0
9000,0.5148926,0.49929714,0.004694372,16,32,0
9100,0.5159912,0.5000744,0.0050311033,16,32,0
9200,0.5123291,0.5000353,0.0055035846,16,32,0
9300,0.5157471,0.49921322,0.0055846716,16,32,0
9400,0.515625,0.4996357,0.005971218,16,32,0
9500,0.5157471,0.5002594,0.005004348,16,32,0
9600,0.51464844,0.5001917,0.0051966803,16,32,0
9700,0.51171875,0.5001869,0.005136343,16,32,0
9800,0.5140381,0.4994831,0.0052984585,16,32,0
9900,0.51452637,0.49971962,0.0058331373,16,32,0
10000,0.515625,0.50004005,0.0061955783,16,32,0
10100,0.5119629,0.49987602,0.005195701,16,32,0
10200,0.51586914,0.5004082,0.005220099,16,32,0
10300,0.51452637,0.49889755,0.005475799,16,32,0
10400,0.510376,0.49908924,0.0053045508,16,32,0
10500,0.5131836,0.49926186,0.0049936087,16,32,0
10600,0.5152588,0.4994316,0.005466788,16,32,0
10700,0.5142822,0.49988937,0.005668007,16,32,0
10800,0.5180664,0.50013065,0.0061921584,16,32,0
10900,0.5123291,0.50034523,0.0048593218,16,32,0
11000,0.5196533,0.49982357,0.0058661825,16,32,0
11100,0.51135254,0.4995575,0.0057430845,16,32,0
11200,0.5111084,0.50011635,0.0046743187,16,32,0
11300,0.51208496,0.4989214,0.0047365646,16,32,0
11400,0.51342773,0.49980354,0.005669913,16,32,0
11500,0.5142822,0.50041485,0.006155902,16,32,0
11600,0.5194092,0.49942112,0.0053058746,16,32,0
11700,0.5136719,0.50002575,0.005782973,16,32,0
11800,0.51123047,0.4996786,0.0048646796,16,32,0
11900,0.5119629,0.50053596,0.0055506607,16,32,0
11999,0.51379395,0.49996853,0.0054655494,16,32,0
epoch,score_best,score_avg,score_std,seq_length,latency,repeat_id
100,0.5128784,0.5004282,0.00393392,32,0,0
200,0.50823975,0.4997635,0.0036584358,32,0,0
300,0.51257324,0.49999237,0.003970812,32,0,0
400,0.51226807,0.49982405,0.004072744,32,0,0
500,0.51220703,0.5004139,0.0041065626,32,0,0
600,0.5108032,0.5001025,0.004046852,32,0,0
700,0.51031494,0.49984503,0.0038128193,32,0,0
800,0.5128174,0.49997473,0.0035925743,32,0,0
900,0.5107422,0.50039864,0.0039070835,32,0,0
1000,0.5114746,0.49950218,0.004129014,32,0,0
1100,0.51104736,0.5004029,0.0038449375,32,0,0
1200,0.5095215,0.50013924,0.0037320133,32,0,0
1300,0.5116577,0.49995708,0.0037761137,32,0,0
1400,0.5102539,0.4998374,0.0038269858,32,0,0
1500,0.51123047,0.49995565,0.0039375043,32,0,0
1600,0.5153198,0.5008373,0.0046921205,32,0,0
1700,0.5135498,0.5000634,0.003943337,32,0,0
1800,0.51104736,0.5000825,0.0038069885,32,0,0
1900,0.50946045,0.50026035,0.003683279,32,0,0
2000,0.50909424,0.5002413,0.0037184267,32,0,0
2100,0.51049805,0.49990892,0.00374017,32,0,0
2200,0.51171875,0.49984694,0.0038665829,32,0,0
2300,0.510376,0.4994359,0.003908416,32,0,0
2400,0.5093384,0.5004449,0.0037754646,32,0,0
2500,0.5097656,0.49964714,0.003979436,32,0,0
2600,0.50909424,0.49998426,0.0039316355,32,0,0
2700,0.5092163,0.5003953,0.0039189765,32,0,0
2800,0.51049805,0.5002179,0.0035878415,32,0,0
2900,0.51348877,0.5001197,0.0037262572,32,0,0
3000,0.5115967,0.49965668,0.00402655,32,0,0
3100,0.5107422,0.5000515,0.004013289,32,0,0
3200,0.5083008,0.5005193,0.0039734794,32,0,0
3300,0.5091553,0.4996953,0.0040709847,32,0,0
3400,0.51049805,0.5007801,0.0040112836,32,0,0
3500,0.508728,0.50041866,0.0036302751,32,0,0
3600,0.51135254,0.5004668,0.0042485837,32,0,0
3700,0.51104736,0.50038004,0.0037676017,32,0,0
3800,0.5126953,0.500051,0.0042458787,32,0,0
3900,0.5120239,0.49980783,0.004146196,32,0,0
4000,0.50982666,0.49983883,0.0035737972,32,0,0
4100,0.5117798,0.50028706,0.0037417288,32,0,0
4200,0.5112915,0.5001931,0.003937224,32,0,0
4300,0.5079956,0.49947262,0.0037558072,32,0,0
4400,0.5102539,0.4999385,0.003985002,32,0,0
4500,0.50891113,0.4999385,0.003925985,32,0,0
4600,0.508667,0.49995518,0.0037961544,32,0,0
4700,0.5108032,0.49994373,0.004591664,32,0,0
4800,0.5091553,0.49995518,0.003798607,32,0,0
4900,0.510376,0.5001035,0.004147954,32,0,0
5000,0.5097046,0.4996972,0.004059844,32,0,0
5100,0.510376,0.49995136,0.0042848974,32,0,0
5200,0.51123047,0.5004182,0.004065695,32,0,0
5300,0.50878906,0.49926186,0.003925213,32,0,0
5400,0.50964355,0.49929237,0.003871821,32,0,0
5500,0.51013184,0.4997635,0.0038215804,32,0,0
5600,0.510376,0.499794,0.0038159941,32,0,0
5700,0.50897217,0.49986172,0.0039133993,32,0,0
5800,0.50946045,0.5000768,0.0038851695,32,0,0
5900,0.5088501,0.49950695,0.0038466877,32,0,0
6000,0.5105591,0.50005627,0.0037478863,32,0,0
6100,0.5098877,0.4992423,0.0036560132,32,0,0
6200,0.50756836,0.49948978,0.0032942353,32,0,0
6300,0.51086426,0.4999962,0.0038672357,32,0,0
6400,0.50805664,0.49929428,0.0037545518,32,0,0
6500,0.51049805,0.50022554,0.0038165553,32,0,0
6600,0.5100708,0.50068235,0.0036062463,32,0,0
6700,0.5084839,0.50041723,0.003439104,32,0,0
6800,0.5097046,0.50020933,0.0036925615,32,0,0
6900,0.5101929,0.49973345,0.0042773415,32,0,0
7000,0.5924072,0.58487654,0.0028998237,32,0,0
7100,0.6192627,0.6106777,0.0031331037,32,0,0
7200,0.63079834,0.6250162,0.002847691,32,0,0
7300,0.6420288,0.6361575,0.0023582736,32,0,0
7400,0.65448,0.64438725,0.0026381905,32,0,0
7500,0.6571655,0.65022373,0.0029832053,32,0,0
7600,0.6627197,0.65509987,0.0027785287,32,0,0
7700,0.6652832,0.6588092,0.0027267928,32,0,0
7800,0.6706543,0.662148,0.0031328385,32,0,0
7900,0.67181396,0.66588306,0.0027237057,32,0,0
8000,0.6767578,0.6693535,0.0029472653,32,0,0
8100,0.6789551,0.6736846,0.002402055,32,0,0
8200,0.68273926,0.6755028,0.0027887472,32,0,0
8300,0.685791,0.6788659,0.002699177,32,0,0
8400,0.6889038,0.6814389,0.002753647,32,0,0
8500,0.6912842,0.68475294,0.0026896456,32,0,0
8600,0.69763184,0.68806887,0.0028506683,32,0,0
8700,0.69641113,0.6896982,0.0026950017,32,0,0
8800,0.70129395,0.69281816,0.0028477104,32,0,0
8900,0.7022095,0.6946206,0.0030415487,32,0,0
9000,0.7025757,0.6971388,0.0025608935,32,0,0
9100,0.7067871,0.70020676,0.0029021273,32,0,0
9200,0.7116089,0.70297766,0.0026712858,32,0,0
9300,0.7116699,0.70448256,0.003028675,32,0,0
9400,0.7133789,0.7069478,0.0029281757,32,0,0
9500,0.71588135,0.7084007,0.0027441941,32,0,0
9600,0.71954346,0.7111659,0.0029560064,32,0,0
9700,0.7191162,0.7131028,0.0030784293,32,0,0
9800,0.7220459,0.7143574,0.0025658247,32,0,0
9900,0.7217407,0.71672726,0.0025354594,32,0,0
10000,0.72680664,0.7183342,0.0030354324,32,0,0
10100,0.72509766,0.7191944,0.0026412245,32,0,0
10200,0.7297363,0.72130394,0.0027088048,32,0,0
10300,0.7305298,0.7225485,0.002766573,32,0,0
10400,0.7330322,0.72425985,0.0028677972,32,0,0
10500,0.7310791,0.72537804,0.0024992693,32,0,0
10600,0.7331543,0.7269349,0.0026995107,32,0,0
10700,0.7357178,0.7276573,0.0028659296,32,0,0
10800,0.7369995,0.7292967,0.0028513053,32,0,0
10900,0.73895264,0.7306175,0.002886622,32,0,0
11000,0.73846436,0.73202896,0.0027300948,32,0,0
11100,0.73864746,0.73298454,0.0027435594,32,0,0
11200,0.74072266,0.7336693,0.0027212217,32,0,0
11300,0.7445679,0.7348776,0.0028107818,32,0,0
11400,0.74560547,0.7360215,0.002989569,32,0,0
11500,0.7470703,0.73715544,0.0027734481,32,0,0
11600,0.74523926,0.73866224,0.002858466,32,0,0
11700,0.744751,0.739347,0.0031357359,32,0,0
11800,0.74676514,0.7405534,0.0027865595,32,0,0
11900,0.75024414,0.7417474,0.0029852453,32,0,0
11999,0.7498779,0.7434783,0.002860617,32,0,0
epoch,score_best,score_avg,score_std,seq_length,latency,repeat_id
100,0.5093384,0.5002003,0.0038640522,32,8,0
200,0.5095825,0.49996948,0.004044392,32,8,0
300,0.5081787,0.49935246,0.0035178228,32,8,0
400,0.5085449,0.5000367,0.0034905407,32,8,0
500,0.5107422,0.5002589,0.0038236952,32,8,0
600,0.5135498,0.5008912,0.0039707194,32,8,0
700,0.5108032,0.4997921,0.003909344,32,8,0
800,0.50860596,0.50013876,0.003636867,32,8,0
900,0.50842285,0.5001936,0.0036560574,32,8,0
1000,0.51049805,0.5005517,0.0037848132,32,8,0
1100,0.51208496,0.50023127,0.004394794,32,8,0
1200,0.5095825,0.4991212,0.003966422,32,8,0
1300,0.5108032,0.4997611,0.003953227,32,8,0
1400,0.50946045,0.49991465,0.003816561,32,8,0
1500,0.51446533,0.50022507,0.003821898,32,8,0
1600,0.5091553,0.50010204,0.0037268335,32,8,0
1700,0.5095825,0.50014734,0.0038656988,32,8,0
1800,0.5125122,0.5005002,0.004273163,32,8,0
1900,0.5098877,0.5001979,0.0036015895,32,8,0
2000,0.50964355,0.5003629,0.0040000468,32,8,0
2100,0.51226807,0.49968052,0.0036292307,32,8,0
2200,0.5117798,0.4999237,0.0038027999,32,8,0
2300,0.5085449,0.49986172,0.0039733876,32,8,0
2400,0.512146,0.49996042,0.0038032713,32,8,0
2500,0.51013184,0.49968576,0.0037330599,32,8,0
2600,0.5093384,0.50020695,0.00394552,32,8,0
2700,0.5083008,0.5000076,0.0034971433,32,8,0
2800,0.5124512,0.49982834,0.0045921397,32,8,0
2900,0.5102539,0.5003581,0.0040487316,32,8,0
3000,0.50823975,0.49963188,0.0037759175,32,8,0
3100,0.5111084,0.5001402,0.0040937895,32,8,0
3200,0.50860596,0.49992943,0.003833658,32,8,0
3300,0.508667,0.5000243,0.0038476235,32,8,0
3400,0.50927734,0.5000615,0.0037784956,32,8,0
3500,0.5108032,0.49981546,0.0041189436,32,8,0
3600,0.5095215,0.5000529,0.004220575,32,8,0
3700,0.5084839,0.4998002,0.0041610477,32,8,0
3800,0.5116577,0.5003233,0.004034171,32,8,0
3900,0.510437,0.50021935,0.004001793,32,8,0
4000,0.50756836,0.49965572,0.0036002072,32,8,0
4100,0.5097046,0.5005746,0.0034965738,32,8,0
4200,0.50927734,0.5003667,0.0032358663,32,8,0
4300,0.51013184,0.49970484,0.004076673,32,8,0
4400,0.50964355,0.49971867,0.003774702,32,8,0
4500,0.5092163,0.49990273,0.003496073,32,8,0
4600,0.5076904,0.5003462,0.0034343645,32,8,0
4700,0.5097046,0.5004797,0.0034143457,32,8,0
4800,0.5101929,0.5002465,0.0038279674,32,8,0
4900,0.51086426,0.49959755,0.003961018,32,8,0
5000,0.506958,0.50009394,0.0034069486,32,8,0
5100,0.5090332,0.4996209,0.0039202594,32,8,0
5200,0.5109863,0.5003948,0.0036231745,32,8,0
5300,0.5136719,0.5007591,0.004075245,32,8,0
5400,0.510437,0.49955177,0.0039484925,32,8,0
5500,0.50982666,0.50022316,0.0038840466,32,8,0
5600,0.5091553,0.49970818,0.0035721613,32,8,0
5700,0.5081177,0.49975157,0.0036810795,32,8,0
5800,0.5097656,0.50019264,0.004095254,32,8,0
5900,0.51208496,0.50073624,0.003716124,32,8,0
6000,0.5119629,0.5003185,0.004052824,32,8,0
6100,0.51226807,0.50028944,0.0042196293,32,8,0
6200,0.5076904,0.4994645,0.0034422625,32,8,0
6300,0.50775146,0.5000982,0.0035789036,32,8,0
6400,0.5101929,0.500021,0.0036040181,32,8,0
6500,0.5102539,0.49984694,0.0038462668,32,8,0
6600,0.5083618,0.49938822,0.0039578946,32,8,0
6700,0.51000977,0.500195,0.0039833337,32,8,0
6800,0.5097046,0.49990034,0.0041271136,32,8,0
6900,0.5105591,0.5008807,0.003735792,32,8,0
7000,0.51104736,0.4998746,0.0037171154,32,8,0
7100,0.510376,0.5000353,0.0038992898,32,8,0
7200,0.5095215,0.5001998,0.003568263,32,8,0
7300,0.50946045,0.4996524,0.0042187627,32,8,0
7400,0.508667,0.4996581,0.0042449017,32,8,0
7500,0.50927734,0.49976683,0.003911532,32,8,0
7600,0.512146,0.5005903,0.0035844366,32,8,0
7700,0.5085449,0.49946165,0.0036215556,32,8,0
7800,0.51123047,0.49998856,0.0040132916,32,8,0
7900,0.50860596,0.5000315,0.00400642,32,8,0
8000,0.51239014,0.50056314,0.0039465083,32,8,0
8100,0.5095215,0.50003433,0.0034727554,32,8,0
8200,0.50878906,0.49987173,0.0042028883,32,8,0
8300,0.51000977,0.5003381,0.0041838856,32,8,0
8400,0.50897217,0.50020266,0.0033060105,32,8,0
8500,0.5075073,0.49961853,0.003439351,32,8,0
8600,0.5100708,0.5002885,0.0036705295,32,8,0
8700,0.5100708,0.5000386,0.003961918,32,8,0
8800,0.5935669,0.587914,0.0029165463,32,8,0
8900,0.6121826,0.6049843,0.0027101727,32,8,0
9000,0.6210327,0.615479,0.0026469217,32,8,0
9100,0.63183594,0.6239896,0.0025966498,32,8,0
9200,0.6352539,0.62925243,0.0025888742,32,8,0
9300,0.6413574,0.6353345,0.0026626033,32,8,0
9400,0.651001,0.6418128,0.0029118701,32,8,0
9500,0.6553345,0.64780426,0.0027841122,32,8,0
9600,0.65740967,0.6503434,0.0028241663,32,8,0
9700,0.66156006,0.6543765,0.0028222324,32,8,0
9800,0.66308594,0.6556301,0.002609057,32,8,0
9900,0.6647339,0.6588888,0.0025214597,32,8,0
10000,0.6680298,0.66110134,0.0028667846,32,8,0
10100,0.6697998,0.6632514,0.0028701245,32,8,0
10200,0.6713257,0.6654234,0.0026419235,32,8,0
10300,0.6757202,0.6674404,0.0025798797,32,8,0
10400,0.6781006,0.6688161,0.0027217658,32,8,0
10500,0.6789551,0.6718712,0.0026338517,32,8,0
10600,0.67993164,0.67302465,0.0026791105,32,8,0
10700,0.6817627,0.6748023,0.0026064229,32,8,0
10800,0.685791,0.6758909,0.0030157384,32,8,0
10900,0.68377686,0.67774487,0.0026724355,32,8,0
11000,0.6860962,0.67884016,0.002728622,32,8,0
11100,0.6881714,0.6808224,0.0027026846,32,8,0
11200,0.68811035,0.68157816,0.0027347463,32,8,0
11300,0.6901245,0.68374014,0.0026664853,32,8,0
11400,0.69433594,0.6848483,0.0028376714,32,8,0
11500,0.69403076,0.685287,0.0030798973,32,8,0
11600,0.69488525,0.68683624,0.002908931,32,8,0
11700,0.6939697,0.6879473,0.0029600195,32,8,0
11800,0.6960449,0.68871784,0.002617748,32,8,0
11900,0.69696045,0.6902976,0.0025985544,32,8,0
11999,0.6977539,0.6911855,0.0028384028,32,8,0
epoch,score_best,score_avg,score_std,seq_length,latency,repeat_id
100,0.50860596,0.5001583,0.0037826982,32,16,0
200,0.5091553,0.49905252,0.0036341469,32,16,0
300,0.5106201,0.5000868,0.003634417,32,16,0
400,0.5132446,0.50054693,0.004295494,32,16,0
500,0.50775146,0.4994197,0.0039546695,32,16,0
600,0.5097046,0.5001569,0.004198356,32,16,0
700,0.5095825,0.5006285,0.0039656516,32,16,0
800,0.50891113,0.50008774,0.0038849483,32,16,0
900,0.50946045,0.49982452,0.0041914894,32,16,0
1000,0.5119629,0.50012445,0.004025909,32,16,0
1100,0.51226807,0.49977255,0.0041644317,32,16,0
1200,0.5131836,0.5000696,0.003854647,32,16,0
1300,0.512146,0.5002384,0.0036325166,32,16,0
1400,0.51135254,0.5001745,0.004221474,32,16,0
1500,0.50927734,0.5001631,0.004203036,32,16,0
1600,0.50897217,0.49969625,0.0039648595,32,16,0
1700,0.512146,0.5002475,0.004257382,32,16,0
1800,0.5098877,0.4996481,0.0039009226,32,16,0
1900,0.5084839,0.5000596,0.0038018692,32,16,0
2000,0.50787354,0.49998283,0.0038223716,32,16,0
2100,0.51000977,0.5002761,0.0038303356,32,16,0
2200,0.5098877,0.49996948,0.0039174915,32,16,0
2300,0.50946045,0.5003586,0.0041216034,32,16,0
2400,0.5097046,0.4999771,0.0038621544,32,16,0
2500,0.5108032,0.49971724,0.0039148075,32,16,0
2600,0.5081787,0.50051165,0.0036444808,32,16,0
2700,0.5108032,0.5002341,0.0036556488,32,16,0
2800,0.5095215,0.500185,0.0038080227,32,16,0
2900,0.5088501,0.4989338,0.003891589,32,16,0
3000,0.50897217,0.5003972,0.0037327392,32,16,0
3100,0.50982666,0.49968576,0.003512175,32,16,0
3200,0.5097656,0.5004282,0.0040653003,32,16,0
3300,0.51208496,0.50032043,0.0037026466,32,16,0
3400,0.5092163,0.49959517,0.0037186383,32,16,0
3500,0.50909424,0.49966574,0.0036249736,32,16,0
3600,0.5093384,0.49956703,0.0039843954,32,16,0
3700,0.508728,0.49965,0.003769797,32,16,0
3800,0.5092163,0.5002928,0.0038560485,32,16,0
3900,0.51031494,0.50002146,0.0041028243,32,16,0
4000,0.5076904,0.50006104,0.0035866431,32,16,0
4100,0.50878906,0.50015116,0.0034022904,32,16,0
4200,0.5101929,0.5001812,0.0039351103,32,16,0
4300,0.5115967,0.5000448,0.003878611,32,16,0
4400,0.5106201,0.49979734,0.0040321397,32,16,0
4500,0.5090332,0.49943256,0.0040498963,32,16,0
4600,0.50823975,0.49974775,0.00386575,32,16,0
4700,0.51031494,0.5001383,0.0040105768,32,16,0
4800,0.51153564,0.49917364,0.003959471,32,16,0
4900,0.51086426,0.4995966,0.0038146458,32,16,0
5000,0.5088501,0.4999056,0.0033932528,32,16,0
5100,0.5116577,0.50020075,0.0044552214,32,16,0
5200,0.51049805,0.50035334,0.0040656063,32,16,0
5300,0.51208496,0.50021744,0.003479922,32,16,0
5400,0.50964355,0.500196,0.0035967529,32,16,0
5500,0.5120239,0.5003147,0.0040959003,32,16,0
5600,0.50805664,0.49949074,0.0037360392,32,16,0
5700,0.51031494,0.5000882,0.003964363,32,16,0
5800,0.5109863,0.50044966,0.0037759636,32,16,0
5900,0.5083008,0.49992466,0.0038744516,32,16,0
6000,0.5097656,0.4996009,0.0037665332,32,16,0
6100,0.5095825,0.49999905,0.0037704108,32,16,0
6200,0.51000977,0.49949217,0.0040316056,32,16,0
6300,0.5105591,0.5000825,0.0038205874,32,16,0
6400,0.5095825,0.49997044,0.003983289,32,16,0
6500,0.5117798,0.50004673,0.0037837217,32,16,0
6600,0.5112915,0.50020885,0.004195332,32,16,0
6700,0.5114136,0.5011473,0.0036164566,32,16,0
6800,0.5092163,0.5002146,0.0037618948,32,16,0
6900,0.5116577,0.50000477,0.003888467,32,16,0
7000,0.5109863,0.4997735,0.0038068474,32,16,0
7100,0.5095825,0.499516,0.0038978306,32,16,0
7200,0.5123291,0.4996791,0.0039755753,32,16,0
7300,0.5102539,0.5002265,0.00359377,32,16,0
7400,0.50756836,0.4992442,0.0032974358,32,16,0
7500,0.50982666,0.49981165,0.003596538,32,16,0
7600,0.5076904,0.49966717,0.0039237333,32,16,0
7700,0.5144043,0.5002661,0.004033445,32,16,0
7800,0.5085449,0.50034714,0.0038096642,32,16,0
7900,0.50842285,0.49940205,0.0041559013,32,16,0
8000,0.5109863,0.49994993,0.0034211809,32,16,0
8100,0.5124512,0.5003228,0.0041359,32,16,0
8200,0.51000977,0.50047207,0.0040092845,32,16,0
8300,0.5108032,0.500402,0.0040893806,32,16,0
8400,0.5081787,0.4998803,0.003464076,32,16,0
8500,0.5100708,0.50006247,0.003790922,32,16,0
8600,0.51086426,0.5002303,0.0038224272,32,16,0
8700,0.50982666,0.49983978,0.003614868,32,16,0
8800,0.5114136,0.5005646,0.0038974634,32,16,0
8900,0.5076904,0.49957848,0.0037813438,32,16,0
9000,0.5107422,0.50029993,0.0039486894,32,16,0
9100,0.5081787,0.50015306,0.003549694,32,16,0
9200,0.5105591,0.5000038,0.0040648333,32,16,0
9300,0.50946045,0.50011635,0.0037620682,32,16,0
9400,0.5098877,0.50013924,0.003932706,32,16,0
9500,0.5107422,0.49990988,0.00415161,32,16,0
9600,0.50909424,0.4997201,0.004322135,32,16,0
9700,0.5105591,0.49983406,0.003963769,32,16,0
9800,0.5088501,0.49999666,0.003649103,32,16,0
9900,0.5142212,0.5001507,0.003947612,32,16,0
10000,0.508728,0.49979305,0.0039659515,32,16,0
10100,0.51190186,0.49976254,0.0038744574,32,16,0
10200,0.50964355,0.5000415,0.004258281,32,16,0
10300,0.5123291,0.5006008,0.004059687,32,16,0
10400,0.5118408,0.5003905,0.0038362152,32,16,0
10500,0.5088501,0.499825,0.0035168726,32,16,0
10600,0.51135254,0.50031376,0.0039475295,32,16,0
10700,0.50891113,0.49999094,0.0037624605,32,16,0
10800,0.51226807,0.5004568,0.0038232172,32,16,0
10900,0.5093384,0.49985504,0.004283937,32,16,0
11000,0.5090332,0.50022984,0.003962444,32,16,0
11100,0.510376,0.4998951,0.0039400035,32,16,0
11200,0.5148926,0.50015926,0.004195621,32,16,0
11300,0.5098877,0.49937868,0.0036778701,32,16,0
11400,0.5081787,0.49963903,0.003890296,32,16,0
11500,0.5115967,0.5003419,0.0037774236,32,16,0
11600,0.5083618,0.5003147,0.0039449013,32,16,0
11700,0.5116577,0.5005369,0.0041209706,32,16,0
11800,0.51013184,0.50000334,0.0037407873,32,16,0
11900,0.51153564,0.49991608,0.003968818,32,16,0
11999,0.51068115,0.5002737,0.0036859608,32,16,0
epoch,score_best,score_avg,score_std,seq_length,latency,repeat_id
100,0.50897217,0.49962187,0.00423696,32,32,0
200,0.5114136,0.49992514,0.003990591,32,32,0
300,0.5097656,0.5002613,0.0036095737,32,32,0
400,0.510376,0.5000124,0.0041221073,32,32,0
500,0.50842285,0.49989223,0.0036467027,32,32,0
600,0.5128174,0.5000863,0.0040551834,32,32,0
700,0.5101929,0.50046206,0.0039677233,32,32,0
800,0.51068115,0.50047255,0.003516822,32,32,0
900,0.51123047,0.49997568,0.004096703,32,32,0
1000,0.51013184,0.50013494,0.0040693553,32,32,0
1100,0.5097046,0.4998312,0.004156378,32,32,0
1200,0.51000977,0.4997325,0.0038202412,32,32,0
1300,0.51086426,0.4994521,0.004156651,32,32,0
1400,0.50634766,0.49993896,0.003419399,32,32,0
1500,0.5109253,0.49987364,0.0041183056,32,32,0
1600,0.50982666,0.50034475,0.0038905246,32,32,0
1700,0.50964355,0.49988985,0.0038371007,32,32,0
1800,0.51116943,0.50000095,0.0037028587,32,32,0
1900,0.51086426,0.50074244,0.0038639684,32,32,0
2000,0.51293945,0.49976158,0.0042018117,32,32,0
2100,0.51049805,0.49986935,0.003845137,32,32,0
2200,0.51104736,0.49988556,0.0039573326,32,32,0
2300,0.510376,0.49960327,0.003762158,32,32,0
2400,0.51116943,0.499712,0.0038379033,32,32,0
2500,0.510437,0.5003724,0.0039981585,32,32,0
2600,0.50775146,0.50011015,0.0035549302,32,32,0
2700,0.5083008,0.5000129,0.0037815918,32,32,0
2800,0.51239014,0.5004473,0.003576983,32,32,0
2900,0.51116943,0.49985743,0.0039500026,32,32,0
3000,0.508728,0.4996667,0.0039289077,32,32,0
3100,0.5116577,0.5001445,0.0039612567,32,32,0
3200,0.5106201,0.5000777,0.0037681158,32,32,0
3300,0.50842285,0.50038624,0.0041086623,32,32,0
3400,0.5083008,0.4995098,0.0037708117,32,32,0
3500,0.50823975,0.49986267,0.0038993298,32,32,0
3600,0.512146,0.4997902,0.0041202595,32,32,0
3700,0.51000977,0.49956846,0.0038965684,32,32,0
3800,0.5109253,0.50069,0.0036858313,32,32,0
3900,0.51153564,0.5000777,0.0034958671,32,32,0
4000,0.50787354,0.4995494,0.0037718941,32,32,0
4100,0.5095825,0.4998455,0.0036779293,32,32,0
4200,0.50738525,0.49975204,0.0035070141,32,32,0
4300,0.5128174,0.4994254,0.004303686,32,32,0
4400,0.50787354,0.49977446,0.0039165006,32,32,0
4500,0.50964355,0.4996624,0.003921686,32,32,0
4600,0.51379395,0.5000882,0.0036775407,32,32,0
4700,0.5105591,0.5001168,0.0040133954,32,32,0
4800,0.50946045,0.5003052,0.0036803666,32,32,0
4900,0.5144043,0.5002079,0.0039994284,32,32,0
5000,0.5111084,0.50024414,0.0037630089,32,32,0
5100,0.51226807,0.499928,0.004027984,32,32,0
5200,0.51208496,0.49995708,0.0037533394,32,32,0
5300,0.5083008,0.5000062,0.0039056975,32,32,0
5400,0.5097046,0.5000777,0.0039741946,32,32,0
5500,0.50720215,0.5003271,0.0039661536,32,32,0
5600,0.5130005,0.499681,0.0040329504,32,32,0
5700,0.5111084,0.50019455,0.003991564,32,32,0
5800,0.50994873,0.50012016,0.0037625595,32,32,0
5900,0.5108032,0.5004096,0.0038990248,32,32,0
6000,0.51068115,0.49970293,0.00398787,32,32,0
6100,0.51086426,0.4998517,0.0037230637,32,32,0
6200,0.51239014,0.49961948,0.0043163938,32,32,0
6300,0.5076904,0.5000334,0.0033902756,32,32,0
6400,0.5107422,0.49967194,0.004108668,32,32,0
6500,0.5112915,0.50061655,0.00446891,32,32,0
6600,0.5117798,0.50085497,0.004271374,32,32,0
6700,0.5079956,0.49967098,0.0038256466,32,32,0
6800,0.512146,0.500237,0.0042812168,32,32,0
6900,0.51153564,0.50052834,0.0045607532,32,32,0
7000,0.5095825,0.50006485,0.004140939,32,32,0
7100,0.510376,0.49982262,0.0038028182,32,32,0
7200,0.5119629,0.5002909,0.0040583033,32,32,0
7300,0.5152588,0.500618,0.004349551,32,32,0
7400,0.5092163,0.5006976,0.0042069154,32,32,0
7500,0.5115967,0.5004306,0.004191381,32,32,0
7600,0.5085449,0.49980688,0.0037795068,32,32,0
7700,0.5101929,0.50010777,0.0037401582,32,32,0
7800,0.5107422,0.49990177,0.0037671616,32,32,0
7900,0.50946045,0.49978304,0.003647799,32,32,0
8000,0.50946045,0.49984932,0.0039902744,32,32,0
8100,0.5117798,0.49980927,0.0038129573,32,32,0
8200,0.5090332,0.49961424,0.004036778,32,32,0
8300,0.5092163,0.5003686,0.0036115444,32,32,0
8400,0.5095215,0.4996438,0.0038328865,32,32,0
8500,0.5105591,0.5000701,0.0038531322,32,32,0
8600,0.5079346,0.50013685,0.00381542,32,32,0
8700,0.510437,0.50013685,0.0037492693,32,32,0
8800,0.50964355,0.50041246,0.0038218223,32,32,0
8900,0.5081177,0.5000119,0.0035458803,32,32,0
9000,0.5093384,0.50048256,0.003971328,32,32,0
9100,0.5114746,0.5002022,0.0038685375,32,32,0
9200,0.5092163,0.5000477,0.0038892848,32,32,0
9300,0.5093994,0.50023127,0.0042796666,32,32,0
9400,0.5124512,0.50044346,0.003540462,32,32,0
9500,0.5128174,0.5001378,0.003954929,32,32,0
9600,0.5078125,0.4999814,0.0035850897,32,32,0
9700,0.51068115,0.50023174,0.0038082325,32,32,0
9800,0.50823975,0.49959707,0.0038417191,32,32,0
9900,0.5083008,0.4997487,0.003817036,32,32,0
10000,0.5114746,0.5000577,0.0042625875,32,32,0
10100,0.510437,0.5000305,0.0040772744,32,32,0
10200,0.5108032,0.500535,0.0035247677,32,32,0
10300,0.5091553,0.4997263,0.0039514666,32,32,0
10400,0.50805664,0.49997616,0.0040329434,32,32,0
10500,0.5876465,0.58123636,0.002869357,32,32,0
10600,0.5922241,0.5855813,0.002908969,32,32,0
10700,0.59814453,0.59099436,0.002377387,32,32,0
10800,0.60772705,0.6011543,0.002894747,32,32,0
10900,0.61364746,0.60414934,0.0030033868,32,32,0
11000,0.61206055,0.60638237,0.0023918354,32,32,0
11100,0.6138916,0.60806847,0.002615452,32,32,0
11200,0.6182251,0.61198044,0.0024672304,32,32,0
11300,0.6218872,0.61533976,0.0027613002,32,32,0
11400,0.6257324,0.61835194,0.002946484,32,32,0
11500,0.62561035,0.61963034,0.002191715,32,32,0
11600,0.6279907,0.6209278,0.0025878826,32,32,0
11700,0.62976074,0.6229973,0.0026481336,32,32,0
11800,0.6338501,0.6240134,0.0024440011,32,32,0
11900,0.6304321,0.62449026,0.0027262848,32,32,0
11999,0.6342163,0.6248808,0.002742296,32,32,0
epoch,score_best,score_avg,score_std,seq_length,latency,repeat_id
100,0.5071106,0.4994626,0.0025536723,64,0,0
200,0.506073,0.49976254,0.002687326,64,0,0
300,0.50704956,0.49992537,0.0025487482,64,0,0
400,0.50631714,0.50051594,0.0026209676,64,0,0
500,0.5083008,0.50030184,0.0029644503,64,0,0
600,0.50787354,0.50007534,0.002731893,64,0,0
700,0.50613403,0.49977565,0.0026917618,64,0,0
800,0.50683594,0.50011253,0.0028691993,64,0,0
900,0.507782,0.49991345,0.0028018628,64,0,0
1000,0.5057068,0.49979377,0.0027566983,64,0,0
1100,0.50723267,0.49996138,0.0028188766,64,0,0
1200,0.5079346,0.5003257,0.0028866476,64,0,0
1300,0.5064392,0.49977708,0.002807637,64,0,0
1400,0.50805664,0.5003214,0.0027467697,64,0,0
1500,0.50827026,0.5001981,0.0026885986,64,0,0
1600,0.50546265,0.5000315,0.0026789522,64,0,0
1700,0.5068054,0.5004597,0.002868215,64,0,0
1800,0.5068054,0.50009704,0.002565614,64,0,0
1900,0.50619507,0.50000024,0.0027092395,64,0,0
2000,0.5074463,0.50000215,0.0029575324,64,0,0
2100,0.50735474,0.49972963,0.0025128976,64,0,0
2200,0.50616455,0.5000949,0.0030871422,64,0,0
2300,0.50775146,0.5000448,0.0025790003,64,0,0
2400,0.50827026,0.5005386,0.002572426,64,0,0
2500,0.50790405,0.5005753,0.0025441889,64,0,0
2600,0.5067444,0.49962592,0.0026816134,64,0,0
2700,0.50787354,0.5001502,0.0028242923,64,0,0
2800,0.50805664,0.50031424,0.0030529601,64,0,0
2900,0.50756836,0.50023675,0.0028244345,64,0,0
3000,0.50579834,0.49993515,0.0027611505,64,0,0
3100,0.50704956,0.4999218,0.0026929213,64,0,0
3200,0.5076294,0.49994683,0.0031236922,64,0,0
3300,0.5078125,0.50006104,0.0028787318,64,0,0
3400,0.5078125,0.49990368,0.0028305068,64,0,0
3500,0.50930786,0.4995916,0.0028800718,64,0,0
3600,0.50683594,0.49980688,0.0028544902,64,0,0
3700,0.50897217,0.50032663,0.002881676,64,0,0
3800,0.5083008,0.50030947,0.0028279843,64,0,0
3900,0.50756836,0.5004642,0.0026300137,64,0,0
4000,0.50738525,0.50041175,0.0026008291,64,0,0
4100,0.50875854,0.50003123,0.0027369792,64,0,0
4200,0.5050659,0.5000076,0.002479826,64,0,0
4300,0.50823975,0.50009537,0.002742274,64,0,0
4400,0.5068054,0.50016594,0.0027437317,64,0,0
4500,0.50723267,0.50003624,0.0024917994,64,0,0
4600,0.5066223,0.49959254,0.0030626452,64,0,0
4700,0.50582886,0.49978662,0.0025890148,64,0,0
4800,0.5055847,0.4996388,0.002501804,64,0,0
4900,0.5104065,0.4996264,0.0031618131,64,0,0
5000,0.50598145,0.499583,0.0027399147,64,0,0
5100,0.5059509,0.5000634,0.0025936957,64,0,0
5200,0.507782,0.50015116,0.0027782754,64,0,0
5300,0.50567627,0.5002687,0.0026337248,64,0,0
5400,0.5071106,0.4999721,0.0026840726,64,0,0
5500,0.50616455,0.5000498,0.0028088347,64,0,0
5600,0.5062256,0.5000229,0.0027376772,64,0,0
5700,0.50772095,0.4998157,0.0031688458,64,0,0
5800,0.5069885,0.50024605,0.0027064884,64,0,0
5900,0.5070801,0.49960256,0.0028799889,64,0,0
6000,0.5079956,0.500242,0.0028776226,64,0,0
6100,0.5069275,0.50009227,0.0025092459,64,0,0
6200,0.5081787,0.5002625,0.00298326,64,0,0
6300,0.5072632,0.49996662,0.002700125,64,0,0
6400,0.50613403,0.49988174,0.0030584405,64,0,0
6500,0.5090637,0.5001128,0.0025390633,64,0,0
6600,0.5071106,0.5002012,0.0027291551,64,0,0
6700,0.50561523,0.49984908,0.002505075,64,0,0
6800,0.5062256,0.49957466,0.0026614552,64,0,0
6900,0.507782,0.4998722,0.0028237847,64,0,0
7000,0.50753784,0.49985385,0.0029016177,64,0,0
7100,0.5070801,0.50010514,0.0029195414,64,0,0
7200,0.506073,0.49980187,0.0028460813,64,0,0
7300,0.5710144,0.56580853,0.0021418822,64,0,0
7400,0.577301,0.5713723,0.0022160592,64,0,0
7500,0.5798645,0.5749781,0.0020044944,64,0,0
7600,0.5930786,0.5876491,0.002082996,64,0,0
7700,0.6035156,0.59756017,0.00200131,64,0,0
7800,0.6065979,0.60147405,0.0020406663,64,0,0
7900,0.6087036,0.60426974,0.0021046593,64,0,0
8000,0.61257935,0.6078234,0.0019781305,64,0,0
8100,0.6147461,0.6089928,0.001915806,64,0,0
8200,0.6170044,0.6118171,0.0021668738,64,0,0
8300,0.61935425,0.61360216,0.0019401963,64,0,0
8400,0.62008667,0.6156888,0.0020510207,64,0,0
8500,0.6217346,0.61678886,0.0021478971,64,0,0
8600,0.62298584,0.61742115,0.0020826617,64,0,0
8700,0.62338257,0.6187322,0.0020114316,64,0,0
8800,0.62564087,0.62044597,0.0017769252,64,0,0
8900,0.62753296,0.6211891,0.0021262583,64,0,0
9000,0.62719727,0.6221461,0.0022312033,64,0,0
9100,0.62841797,0.62321806,0.0019101436,64,0,0
9200,0.6293335,0.6249888,0.0018588651,64,0,0
9300,0.6325073,0.6260488,0.0020543088,64,0,0
9400,0.632782,0.6272974,0.0019565339,64,0,0
9500,0.633667,0.62827444,0.0020702856,64,0,0
9600,0.6347656,0.6295965,0.0021257387,64,0,0
9700,0.6352539,0.6306548,0.0020701732,64,0,0
9800,0.63616943,0.6312976,0.0019164886,64,0,0
9900,0.63879395,0.6323495,0.0019872491,64,0,0
10000,0.63974,0.6331415,0.0021362777,64,0,0
10100,0.6383972,0.63408256,0.00209322,64,0,0
10200,0.6393738,0.635587,0.0018457541,64,0,0
10300,0.6413269,0.6360128,0.0021552679,64,0,0
10400,0.64328,0.63655853,0.0021140273,64,0,0
10500,0.64242554,0.637449,0.0020077892,64,0,0
10600,0.6435547,0.6375661,0.0020996416,64,0,0
10700,0.64282227,0.63846064,0.0018104331,64,0,0
10800,0.6435852,0.63957095,0.0018235006,64,0,0
10900,0.6446228,0.6397059,0.001850811,64,0,0
11000,0.645874,0.640996,0.0020283947,64,0,0
11100,0.6479492,0.6409354,0.001953174,64,0,0
11200,0.6472168,0.6416888,0.0019892603,64,0,0
11300,0.648407,0.64212346,0.0021745309,64,0,0
11400,0.6469116,0.64247465,0.0019570969,64,0,0
11500,0.6488342,0.6434009,0.0018040268,64,0,0
11600,0.6479492,0.6437671,0.001846449,64,0,0
11700,0.64801025,0.6443627,0.0017120808,64,0,0
11800,0.6503296,0.64533234,0.001945331,64,0,0
11900,0.64953613,0.64526963,0.0018741701,64,0,0
11999,0.6506958,0.64569855,0.002036827,64,0,0
epoch,score_best,score_avg,score_std,seq_length,latency,repeat_id
100,0.50808716,0.49998903,0.0029289518,64,8,0
200,0.50671387,0.5001967,0.0027786419,64,8,0
300,0.5078125,0.49996734,0.002796374,64,8,0
400,0.50701904,0.49994493,0.0028045084,64,8,0
500,0.50823975,0.49991083,0.0026853345,64,8,0
600,0.507843,0.49989867,0.0030434018,64,8,0
700,0.50857544,0.4998908,0.0029218455,64,8,0
800,0.50723267,0.50019336,0.0028458082,64,8,0
900,0.5059204,0.5001397,0.0028376263,64,8,0
1000,0.5063782,0.49984217,0.00287061,64,8,0
1100,0.5074158,0.49994183,0.0026952461,64,8,0
1200,0.5079346,0.49948406,0.002637207,64,8,0
1300,0.5093384,0.5003061,0.0027626886,64,8,0
1400,0.50567627,0.49980783,0.0027961533,64,8,0
1500,0.50845337,0.5001273,0.0025621655,64,8,0
1600,0.5067444,0.50006723,0.0027011137,64,8,0
1700,0.5084839,0.5002675,0.0028216965,64,8,0
1800,0.5057068,0.49974155,0.0024976593,64,8,0
1900,0.50671387,0.500088,0.0026509722,64,8,0
2000,0.5074463,0.50014496,0.0028130438,64,8,0
2100,0.50723267,0.5002477,0.0028356693,64,8,0
2200,0.50701904,0.499722,0.002623129,64,8,0
2300,0.5072632,0.4997344,0.0030517324,64,8,0
2400,0.506958,0.50008774,0.0027531227,64,8,0
2500,0.5081177,0.5002427,0.0028176047,64,8,0
2600,0.5058594,0.49992108,0.0027354374,64,8,0
2700,0.50704956,0.5000031,0.0026566617,64,8,0
2800,0.50805664,0.50020194,0.0026806688,64,8,0
2900,0.5059509,0.4997568,0.002612541,64,8,0
3000,0.5106201,0.50012136,0.0028351347,64,8,0
3100,0.5066223,0.4999323,0.003075003,64,8,0
3200,0.50650024,0.49985838,0.0026329306,64,8,0
3300,0.5055237,0.49971342,0.0026530782,64,8,0
3400,0.50756836,0.5002811,0.0032395916,64,8,0
3500,0.51013184,0.49987555,0.0030669088,64,8,0
3600,0.5102844,0.49994802,0.0025605978,64,8,0
3700,0.50701904,0.49970722,0.002763588,64,8,0
3800,0.5051575,0.49983406,0.002586226,64,8,0
3900,0.5062256,0.4994495,0.0027874094,64,8,0
4000,0.5069885,0.500242,0.0027520794,64,8,0
4100,0.5083008,0.49997377,0.0028152873,64,8,0
4200,0.5071106,0.50027275,0.0026077067,64,8,0
4300,0.5058899,0.50004935,0.0024644425,64,8,0
4400,0.5062256,0.49946404,0.002674684,64,8,0
4500,0.50857544,0.5002687,0.0028571752,64,8,0
4600,0.50616455,0.5003989,0.002685767,64,8,0
4700,0.50549316,0.49967146,0.0026341872,64,8,0
4800,0.50805664,0.49973392,0.0027808198,64,8,0
4900,0.5073242,0.50028086,0.0027138114,64,8,0
5000,0.5086975,0.49976254,0.0026586603,64,8,0
5100,0.5064697,0.49984312,0.0027606515,64,8,0
5200,0.5076599,0.49993968,0.0026791927,64,8,0
5300,0.50564575,0.4997201,0.0025695807,64,8,0
5400,0.5071411,0.5001788,0.0024819574,64,8,0
5500,0.5072632,0.49995446,0.002585684,64,8,0
5600,0.5079956,0.5002825,0.0027894443,64,8,0
5700,0.5064392,0.49976277,0.002836135,64,8,0
5800,0.5064392,0.49982142,0.0028550099,64,8,0
5900,0.5074768,0.5004301,0.0028055233,64,8,0
6000,0.5076904,0.50017476,0.0029556465,64,8,0
6100,0.5055847,0.49999857,0.0030324631,64,8,0
6200,0.50683594,0.50010943,0.0026964205,64,8,0
6300,0.5070801,0.49977422,0.0027193849,64,8,0
6400,0.50717163,0.5000863,0.002598252,64,8,0
6500,0.5053711,0.49973178,0.002668889,64,8,0
6600,0.5066223,0.4997177,0.0028984821,64,8,0
6700,0.5074158,0.49982715,0.0029008489,64,8,0
6800,0.50619507,0.49954796,0.002796003,64,8,0
6900,0.507843,0.50018835,0.002840544,64,8,0
7000,0.50613403,0.5001242,0.002653256,64,8,0
7100,0.5070801,0.50007796,0.0028576537,64,8,0
7200,0.50598145,0.50011325,0.0026439764,64,8,0
7300,0.5095215,0.50028634,0.0028628944,64,8,0
7400,0.5076904,0.4999678,0.0031483856,64,8,0
7500,0.5063782,0.499851,0.002629654,64,8,0
7600,0.5058899,0.49995184,0.002626664,64,8,0
7700,0.50775146,0.4996786,0.0027903118,64,8,0
7800,0.506073,0.49981904,0.0028470992,64,8,0
7900,0.5060425,0.49983168,0.0025261908,64,8,0
8000,0.50701904,0.4998989,0.0026362697,64,8,0
8100,0.5054016,0.50005674,0.0026643078,64,8,0
8200,0.5073242,0.49998403,0.0027937128,64,8,0
8300,0.5075073,0.49996877,0.0028517775,64,8,0
8400,0.5076599,0.49994826,0.0027269232,64,8,0
8500,0.50686646,0.49981403,0.0027233344,64,8,0
8600,0.50839233,0.5001571,0.0026502789,64,8,0
8700,0.5059509,0.5002692,0.0024774584,64,8,0
8800,0.50653076,0.49985075,0.002518253,64,8,0
8900,0.50790405,0.49964857,0.0029073148,64,8,0
9000,0.50775146,0.5001881,0.0029577087,64,8,0
9100,0.50720215,0.4998598,0.002680504,64,8,0
9200,0.5073242,0.49966812,0.0025297368,64,8,0
9300,0.5072632,0.49971414,0.0029256039,64,8,0
9400,0.5090637,0.49980044,0.0027100006,64,8,0
9500,0.5069885,0.49965405,0.0027530917,64,8,0
9600,0.5070801,0.5001271,0.0026915758,64,8,0
9700,0.50546265,0.50022817,0.0025314186,64,8,0
9800,0.5060425,0.49985194,0.0026190672,64,8,0
9900,0.50549316,0.5001364,0.0024709813,64,8,0
10000,0.5076599,0.5000081,0.0028421017,64,8,0
10100,0.5065613,0.50000215,0.0027056753,64,8,0
10200,0.5088501,0.4999895,0.0029098652,64,8,0
10300,0.5065918,0.5000472,0.0029054042,64,8,0
10400,0.50650024,0.49999738,0.0027597984,64,8,0
10500,0.5092468,0.5003035,0.0029324759,64,8,0
10600,0.507782,0.50007415,0.0028082049,64,8,0
10700,0.5083313,0.4999168,0.0026927271,64,8,0
10800,0.5057678,0.50001097,0.002677452,64,8,0
10900,0.50653076,0.5001781,0.002459568,64,8,0
11000,0.5057678,0.5000675,0.0028350381,64,8,0
11100,0.50805664,0.5001185,0.0027270222,64,8,0
11200,0.50561523,0.49988532,0.0025631126,64,8,0
11300,0.5083008,0.49980664,0.0028119215,64,8,0
11400,0.5065613,0.50006294,0.0024124354,64,8,0
11500,0.50723267,0.5000193,0.0027910837,64,8,0
11600,0.5063782,0.49983525,0.0028227658,64,8,0
11700,0.5074768,0.5002346,0.002652794,64,8,0
11800,0.50842285,0.5002668,0.0028259552,64,8,0
11900,0.5067749,0.5005851,0.0025528169,64,8,0
11999,0.506073,0.50005674,0.0027304247,64,8,0
epoch,score_best,score_avg,score_std,seq_length,latency,repeat_id
100,0.5058594,0.50047016,0.0025708892,64,16,0
200,0.50653076,0.5001495,0.0026815364,64,16,0
300,0.50579834,0.49962902,0.0028680144,64,16,0
400,0.5072632,0.49975562,0.0030129577,64,16,0
500,0.50671387,0.4997673,0.0027414644,64,16,0
600,0.50598145,0.50008965,0.0029486045,64,16,0
700,0.5059204,0.5000248,0.0026760956,64,16,0
800,0.50686646,0.49960518,0.0026413566,64,16,0
900,0.50564575,0.4998448,0.0028288676,64,16,0
1000,0.5093689,0.49991226,0.0027084728,64,16,0
1100,0.50723267,0.50017476,0.002859944,64,16,0
1200,0.5097656,0.5001612,0.0030814228,64,16,0
1300,0.50756836,0.50013304,0.0027949414,64,16,0
1400,0.5071106,0.49960732,0.0027566839,64,16,0
1500,0.50738525,0.5006778,0.0028037422,64,16,0
1600,0.50668335,0.4998529,0.0029174665,64,16,0
1700,0.5078125,0.5001049,0.0028782508,64,16,0
1800,0.50665283,0.5000403,0.00246672,64,16,0
1900,0.5080261,0.4998443,0.0025720731,64,16,0
2000,0.507782,0.49987888,0.0022635781,64,16,0
2100,0.5068054,0.5003438,0.002650148,64,16,0
2200,0.50665283,0.49984598,0.0025176997,64,16,0
2300,0.50616455,0.49980474,0.0026105586,64,16,0
2400,0.5071106,0.4998908,0.0025929466,64,16,0
2500,0.5072937,0.5004225,0.0027013968,64,16,0
2600,0.5067444,0.5000391,0.0027756526,64,16,0
2700,0.5081177,0.49970317,0.002929769,64,16,0
2800,0.5078125,0.49988484,0.0025021136,64,16,0
2900,0.509552,0.50034237,0.0029406117,64,16,0
3000,0.50875854,0.49998903,0.002526072,64,16,0
3100,0.5062561,0.5001962,0.0027000236,64,16,0
3200,0.5081787,0.49987602,0.0029150844,64,16,0
3300,0.5081482,0.49986053,0.0029380815,64,16,0
3400,0.5078125,0.49992728,0.0029052247,64,16,0
3500,0.50479126,0.49932313,0.002428987,64,16,0
3600,0.50775146,0.49990654,0.0026217538,64,16,0
3700,0.5055847,0.50010014,0.0027177378,64,16,0
3800,0.50631714,0.50039244,0.0025174972,64,16,0
3900,0.5067444,0.5001433,0.0028063047,64,16,0
4000,0.5067444,0.5001588,0.0025810094,64,16,0
4100,0.50720215,0.49946117,0.0030511627,64,16,0
4200,0.50686646,0.5002744,0.0024817076,64,16,0
4300,0.5083618,0.50009274,0.0027605295,64,16,0
4400,0.50738525,0.5000751,0.0025347534,64,16,0
4500,0.5068054,0.50004387,0.0025677409,64,16,0
4600,0.504364,0.49952102,0.0025653224,64,16,0
4700,0.50668335,0.49999547,0.0026471913,64,16,0
4800,0.5074158,0.49966073,0.0026604189,64,16,0
4900,0.50683594,0.5000124,0.002871384,64,16,0
5000,0.5071106,0.50025606,0.0028911792,64,16,0
5100,0.5066223,0.50005436,0.0029485633,64,16,0
5200,0.50842285,0.5004482,0.002758727,64,16,0
5300,0.50546265,0.5001049,0.0025144517,64,16,0
5400,0.50671387,0.49973083,0.0028973909,64,16,0
5500,0.507782,0.4999764,0.0028143323,64,16,0
5600,0.50756836,0.49957633,0.0029758078,64,16,0
5700,0.5064697,0.4997139,0.0026481557,64,16,0
5800,0.5069275,0.499748,0.0027407536,64,16,0
5900,0.5063782,0.49969172,0.0025702536,64,16,0
6000,0.50949097,0.49989128,0.0029419493,64,16,0
6100,0.5081482,0.49982047,0.002911688,64,16,0
6200,0.50671387,0.4998703,0.0027020096,64,16,0
6300,0.5067749,0.49968982,0.0025688913,64,16,0
6400,0.50616455,0.49983835,0.0027941074,64,16,0
6500,0.5086975,0.49992108,0.0029211629,64,16,0
6600,0.50671387,0.50002766,0.0026592994,64,16,0
6700,0.5071411,0.5005107,0.002667236,64,16,0
6800,0.50634766,0.49970794,0.0025303804,64,16,0
6900,0.50845337,0.49995232,0.002746756,64,16,0
7000,0.5078125,0.49986935,0.002657694,64,16,0
7100,0.50613403,0.49974918,0.0026486828,64,16,0
7200,0.5067444,0.5001459,0.0026502372,64,16,0
7300,0.5065918,0.50003433,0.0029363383,64,16,0
7400,0.5076294,0.5001135,0.0026072636,64,16,0
7500,0.5095215,0.49988556,0.0025120152,64,16,0
7600,0.50735474,0.49960494,0.0025432855,64,16,0
7700,0.5065918,0.49969888,0.002682943,64,16,0
7800,0.5076904,0.5002012,0.0029685243,64,16,0
7900,0.50671387,0.50001645,0.0027338471,64,16,0
8000,0.50720215,0.5002098,0.002555033,64,16,0
8100,0.50582886,0.49988294,0.0026321958,64,16,0
8200,0.5070801,0.4996388,0.0028912153,64,16,0
8300,0.5059204,0.5001161,0.002729938,64,16,0
8400,0.5059204,0.50017595,0.0027112637,64,16,0
8500,0.5076904,0.50001144,0.003059525,64,16,0
8600,0.5064697,0.4994347,0.0027717366,64,16,0
8700,0.5054321,0.4994719,0.0028295068,64,16,0
8800,0.50878906,0.5003314,0.0027106148,64,16,0
8900,0.50827026,0.49989152,0.0027876482,64,16,0
9000,0.5058594,0.49971938,0.0025986407,64,16,0
9100,0.5064087,0.50032306,0.0025577382,64,16,0
9200,0.50686646,0.49996233,0.002643325,64,16,0
9300,0.5072937,0.49988556,0.0026160148,64,16,0
9400,0.506073,0.5002351,0.0027341384,64,16,0
9500,0.5081787,0.5003085,0.0026948948,64,16,0
9600,0.5062256,0.5000739,0.002644495,64,16,0
9700,0.50756836,0.49992943,0.002472329,64,16,0
9800,0.50805664,0.50010085,0.002990982,64,16,0
9900,0.50756836,0.4999597,0.0025612076,64,16,0
10000,0.5067749,0.49957275,0.0027683377,64,16,0
10100,0.50787354,0.500195,0.0029209158,64,16,0
10200,0.5066223,0.49975395,0.0026723,64,16,0
10300,0.506073,0.49989986,0.0026104068,64,16,0
10400,0.50775146,0.49977446,0.002939868,64,16,0
10500,0.50753784,0.49975014,0.002811079,64,16,0
10600,0.50701904,0.50002456,0.0027012664,64,16,0
10700,0.50875854,0.5005057,0.002797762,64,16,0
10800,0.50671387,0.50023055,0.002753405,64,16,0
10900,0.5076904,0.49961543,0.0028171667,64,16,0
11000,0.50790405,0.5002606,0.0025415989,64,16,0
11100,0.5057678,0.49987888,0.0027537222,64,16,0
11200,0.5075073,0.5003216,0.0029124382,64,16,0
11300,0.5071411,0.5001416,0.0027091084,64,16,0
11400,0.50634766,0.50036645,0.0027581856,64,16,0
11500,0.5063782,0.50037146,0.002694438,64,16,0
11600,0.5071106,0.50017977,0.0030174288,64,16,0
11700,0.50567627,0.50001454,0.0026724506,64,16,0
11800,0.5075989,0.49998474,0.00289984,64,16,0
11900,0.5083313,0.4998567,0.0028084246,64,16,0
11999,0.5075073,0.5001221,0.002949723,64,16,0
epoch,score_best,score_avg,score_std,seq_length,latency,repeat_id
100,0.5075989,0.5001514,0.0028531523,64,32,0
200,0.5055847,0.5000601,0.0025328582,64,32,0
300,0.5062561,0.5001936,0.0027840429,64,32,0
400,0.5070801,0.5001364,0.0027247618,64,32,0
500,0.5059204,0.50031805,0.0026447729,64,32,0
600,0.50827026,0.49997807,0.0030050734,64,32,0
700,0.50701904,0.49957585,0.002988661,64,32,0
800,0.50653076,0.49968147,0.002880002,64,32,0
900,0.5081787,0.50068736,0.0027298522,64,32,0
1000,0.5091553,0.49983644,0.0029868875,64,32,0
1100,0.5072937,0.5002153,0.0025480387,64,32,0
1200,0.506958,0.5000472,0.0029088533,64,32,0
1300,0.50601196,0.4998424,0.002614687,64,32,0
1400,0.5075989,0.50011706,0.0027855644,64,32,0
1500,0.5079956,0.5000837,0.0029409367,64,32,0
1600,0.51000977,0.4999752,0.002974783,64,32,0
1700,0.50772095,0.50010943,0.0023636245,64,32,0
1800,0.5066223,0.49981904,0.002761865,64,32,0
1900,0.50827026,0.5000663,0.0029367795,64,32,0
2000,0.50735474,0.49983335,0.0024929794,64,32,0
2100,0.5079346,0.50065947,0.002698343,64,32,0
2200,0.5058594,0.5000217,0.0025691446,64,32,0
2300,0.50668335,0.5000379,0.002773657,64,32,0
2400,0.5084839,0.5000472,0.0029650158,64,32,0
2500,0.50653076,0.50033855,0.0027367773,64,32,0
2600,0.5067444,0.50007343,0.0029196255,64,32,0
2700,0.5058899,0.49991536,0.0025664899,64,32,0
2800,0.5074768,0.5002191,0.0026923642,64,32,0
2900,0.50683594,0.50006604,0.0027892708,64,32,0
3000,0.5072937,0.49995685,0.0026738294,64,32,0
3100,0.5100708,0.5001731,0.0029334207,64,32,0
3200,0.5071411,0.500479,0.0028953995,64,32,0
3300,0.506897,0.49947524,0.0027228524,64,32,0
3400,0.5064697,0.50015974,0.002528176,64,32,0
3500,0.5070801,0.49957848,0.002878521,64,32,0
3600,0.50738525,0.49997544,0.002579472,64,32,0
3700,0.5095825,0.5006664,0.0028434026,64,32,0
3800,0.51031494,0.49989057,0.0026555872,64,32,0
3900,0.5065918,0.49987698,0.002884703,64,32,0
4000,0.50787354,0.5000527,0.0024842606,64,32,0
4100,0.5059204,0.49992752,0.0027113939,64,32,0
4200,0.5079651,0.49994564,0.0030284394,64,32,0
4300,0.50949097,0.5001161,0.002715545,64,32,0
4400,0.51000977,0.5001435,0.0024969964,64,32,0
4500,0.50842285,0.49975944,0.003044056,64,32,0
4600,0.5074463,0.5003638,0.002964635,64,32,0
4700,0.50701904,0.50009036,0.0028496871,64,32,0
4800,0.5067749,0.50003767,0.0025737972,64,32,0
4900,0.5067444,0.49999857,0.0030067167,64,32,0
5000,0.5072632,0.50045896,0.0028028716,64,32,0
5100,0.5064697,0.5002787,0.0028212937,64,32,0
5200,0.50668335,0.5003009,0.0028074817,64,32,0
5300,0.5060425,0.50031614,0.0025712352,64,32,0
5400,0.5064087,0.50026417,0.0026872247,64,32,0
5500,0.5091858,0.49990773,0.0027965254,64,32,0
5600,0.5093384,0.49990153,0.0029665795,64,32,0
5700,0.5081482,0.4999833,0.002770867,64,32,0
5800,0.508667,0.50022435,0.0028572304,64,32,0
5900,0.51156616,0.49961424,0.0031878082,64,32,0
6000,0.50753784,0.50030994,0.0028269673,64,32,0
6100,0.50704956,0.50002265,0.0027894233,64,32,0
6200,0.5069885,0.5000355,0.0028017357,64,32,0
6300,0.5066223,0.5000315,0.0026645376,64,32,0
6400,0.5076599,0.5004444,0.002538476,64,32,0
6500,0.5071106,0.5002432,0.0029164797,64,32,0
6600,0.50845337,0.49974346,0.0027214447,64,32,0
6700,0.5066223,0.49997735,0.002885783,64,32,0
6800,0.5055847,0.5000968,0.002529858,64,32,0
6900,0.50665283,0.5002434,0.0026269653,64,32,0
7000,0.50668335,0.49994016,0.0028531877,64,32,0
7100,0.50753784,0.49984574,0.0030237709,64,32,0
7200,0.50738525,0.5002172,0.002792032,64,32,0
7300,0.50665283,0.49995732,0.0025465763,64,32,0
7400,0.5076599,0.5000174,0.0027299717,64,32,0
7500,0.5071106,0.50000143,0.0026695791,64,32,0
7600,0.5069275,0.49970222,0.0024763285,64,32,0
7700,0.5064697,0.4999938,0.0026894845,64,32,0
7800,0.5067444,0.499619,0.00265621,64,32,0
7900,0.50549316,0.49985313,0.0027207662,64,32,0
8000,0.5062256,0.50009966,0.002472411,64,32,0
8100,0.5068054,0.5002837,0.002678114,64,32,0
8200,0.5067444,0.49952173,0.002758976,64,32,0
8300,0.5076294,0.49996638,0.0029365139,64,32,0
8400,0.5058899,0.49951792,0.0027255348,64,32,0
8500,0.5093689,0.5002339,0.0028687594,64,32,0
8600,0.5067749,0.500165,0.002701755,64,32,0
8700,0.5061035,0.49969292,0.0029816115,64,32,0
8800,0.50735474,0.49970627,0.0027015249,64,32,0
8900,0.50775146,0.49974275,0.0029933872,64,32,0
9000,0.5065918,0.50003695,0.0025022572,64,32,0
9100,0.50494385,0.50002813,0.0026641274,64,32,0
9200,0.50598145,0.500113,0.002503021,64,32,0
9300,0.5057068,0.5001464,0.0025017387,64,32,0
9400,0.5071106,0.4997356,0.0028334013,64,32,0
9500,0.5074158,0.5002563,0.0025724366,64,32,0
9600,0.50631714,0.4999714,0.002680654,64,32,0
9700,0.5083618,0.49999952,0.002662929,64,32,0
9800,0.5078125,0.5004554,0.0028744966,64,32,0
9900,0.5080261,0.49980855,0.0029294759,64,32,0
10000,0.5083618,0.50017595,0.002840576,64,32,0
10100,0.50613403,0.49988818,0.0025286644,64,32,0
10200,0.50723267,0.50044894,0.0027873304,64,32,0
10300,0.50671387,0.49991155,0.003327776,64,32,0
10400,0.5075989,0.5002227,0.0029761542,64,32,0
10500,0.5070801,0.4999771,0.002977351,64,32,0
10600,0.5081482,0.49976707,0.002674486,64,32,0
10700,0.5091553,0.49965382,0.0026737638,64,32,0
10800,0.5093689,0.5000026,0.0032168506,64,32,0
10900,0.5083618,0.5004895,0.0028604618,64,32,0
11000,0.50683594,0.49982285,0.0031379499,64,32,0
11100,0.50805664,0.50014544,0.0028883594,64,32,0
11200,0.50787354,0.4999628,0.0026567082,64,32,0
11300,0.5073242,0.50050855,0.0027817676,64,32,0
11400,0.50827026,0.50016356,0.0027214,64,32,0
11500,0.5072632,0.5004096,0.0028698863,64,32,0
11600,0.51013184,0.5003154,0.0027117836,64,32,0
11700,0.5062561,0.500227,0.0025798345,64,32,0
11800,0.5064087,0.5000727,0.0027191946,64,32,0
11900,0.5059204,0.5001712,0.0027817627,64,32,0
11999,0.5060425,0.5003674,0.0026574298,64,32,0
